timestamp,flag_armed,flag_external_manual_override_ok,flag_system_hil_enabled,flag_control_manual_enabled,flag_control_auto_enabled,flag_control_offboard_enabled,flag_control_rates_enabled,flag_control_attitude_enabled,flag_control_rattitude_enabled,flag_control_force_enabled,flag_control_acceleration_enabled,flag_control_velocity_enabled,flag_control_position_enabled,flag_control_altitude_enabled,flag_control_climb_rate_enabled,flag_control_termination_enabled,flag_control_fixed_hdg_enabled,basestation,flight_number
59200830,1,0,0,0,0,1,1,1,0,0,0,0,0,0,0,0,0,2203,224c2092-44e1-4b73-879c-d0ad0c4b4c87
59696681,1,0,0,0,0,1,1,1,0,0,0,0,0,0,0,0,0,2203,224c2092-44e1-4b73-879c-d0ad0c4b4c87
60705678,1,0,0,0,0,1,1,1,0,0,0,0,0,0,0,0,0,2203,224c2092-44e1-4b73-879c-d0ad0c4b4c87
61707517,1,0,0,0,0,1,1,1,0,0,0,0,0,0,0,0,0,2203,224c2092-44e1-4b73-879c-d0ad0c4b4c87
62716953,1,0,0,0,0,1,1,1,0,0,0,0,0,0,0,0,0,2203,224c2092-44e1-4b73-879c-d0ad0c4b4c87
63717776,1,0,0,0,0,1,1,1,0,0,0,0,0,0,0,0,0,2203,224c2092-44e1-4b73-879c-d0ad0c4b4c87
64719883,1,0,0,0,0,1,1,1,0,0,0,0,0,0,0,0,0,2203,224c2092-44e1-4b73-879c-d0ad0c4b4c87
65697015,1,0,0,0,1,0,1,1,0,0,0,1,1,1,1,0,0,2203,224c2092-44e1-4b73-879c-d0ad0c4b4c87
66193062,1,0,0,0,1,0,1,1,0,0,0,1,1,1,1,0,0,2203,224c2092-44e1-4b73-879c-d0ad0c4b4c87
66696848,1,0,0,0,1,0,1,1,0,0,0,1,1,1,1,0,0,2203,224c2092-44e1-4b73-879c-d0ad0c4b4c87
67702593,1,0,0,0,1,0,1,1,0,0,0,1,1,1,1,0,0,2203,224c2092-44e1-4b73-879c-d0ad0c4b4c87
68714234,1,0,0,0,1,0,1,1,0,0,0,1,1,1,1,0,0,2203,224c2092-44e1-4b73-879c-d0ad0c4b4c87
69051825,1,0,0,0,1,0,1,1,0,0,0,1,1,1,1,0,0,2203,224c2092-44e1-4b73-879c-d0ad0c4b4c87
70052721,1,0,0,0,1,0,1,1,0,0,0,1,1,1,1,0,0,2203,224c2092-44e1-4b73-879c-d0ad0c4b4c87
71057527,1,0,0,0,1,0,1,1,0,0,0,1,1,1,1,0,0,2203,224c2092-44e1-4b73-879c-d0ad0c4b4c87
72063129,1,0,0,0,1,0,1,1,0,0,0,1,1,1,1,0,0,2203,224c2092-44e1-4b73-879c-d0ad0c4b4c87
73065930,1,0,0,0,1,0,1,1,0,0,0,1,1,1,1,0,0,2203,224c2092-44e1-4b73-879c-d0ad0c4b4c87
74066565,1,0,0,0,1,0,1,1,0,0,0,1,1,1,1,0,0,2203,224c2092-44e1-4b73-879c-d0ad0c4b4c87
75076089,1,0,0,0,1,0,1,1,0,0,0,1,1,1,1,0,0,2203,224c2092-44e1-4b73-879c-d0ad0c4b4c87
75183475,1,0,0,0,1,0,1,1,0,0,0,1,1,1,1,0,0,2203,224c2092-44e1-4b73-879c-d0ad0c4b4c87
76189104,1,0,0,0,1,0,1,1,0,0,0,1,1,1,1,0,0,2203,224c2092-44e1-4b73-879c-d0ad0c4b4c87
76210587,1,0,0,0,1,0,1,1,0,0,0,1,1,1,1,0,0,2203,224c2092-44e1-4b73-879c-d0ad0c4b4c87
76245022,1,0,0,0,1,0,1,1,0,0,0,1,1,1,1,0,0,2203,224c2092-44e1-4b73-879c-d0ad0c4b4c87
76292632,1,0,0,0,1,0,1,1,0,0,0,1,1,1,1,0,0,2203,224c2092-44e1-4b73-879c-d0ad0c4b4c87
76680771,1,0,0,0,1,0,1,1,0,0,0,1,1,1,1,0,0,2203,224c2092-44e1-4b73-879c-d0ad0c4b4c87
77687051,1,0,0,0,1,0,1,1,0,0,0,1,1,1,1,0,0,2203,224c2092-44e1-4b73-879c-d0ad0c4b4c87
78696071,1,0,0,0,1,0,1,1,0,0,0,1,1,1,1,0,0,2203,224c2092-44e1-4b73-879c-d0ad0c4b4c87
79705906,1,0,0,0,1,0,1,1,0,0,0,1,1,1,1,0,0,2203,224c2092-44e1-4b73-879c-d0ad0c4b4c87
80715009,1,0,0,0,1,0,1,1,0,0,0,1,1,1,1,0,0,2203,224c2092-44e1-4b73-879c-d0ad0c4b4c87
81724125,1,0,0,0,1,0,1,1,0,0,0,1,1,1,1,0,0,2203,224c2092-44e1-4b73-879c-d0ad0c4b4c87
82728794,1,0,0,0,1,0,1,1,0,0,0,1,1,1,1,0,0,2203,224c2092-44e1-4b73-879c-d0ad0c4b4c87
83734296,1,0,0,0,1,0,1,1,0,0,0,1,1,1,1,0,0,2203,224c2092-44e1-4b73-879c-d0ad0c4b4c87
84739859,1,0,0,0,1,0,1,1,0,0,0,1,1,1,1,0,0,2203,224c2092-44e1-4b73-879c-d0ad0c4b4c87
85741549,1,0,0,0,1,0,1,1,0,0,0,1,1,1,1,0,0,2203,224c2092-44e1-4b73-879c-d0ad0c4b4c87
86744023,1,0,0,0,1,0,1,1,0,0,0,1,1,1,1,0,0,2203,224c2092-44e1-4b73-879c-d0ad0c4b4c87
87749668,1,0,0,0,1,0,1,1,0,0,0,1,1,1,1,0,0,2203,224c2092-44e1-4b73-879c-d0ad0c4b4c87
88755531,1,0,0,0,1,0,1,1,0,0,0,1,1,1,1,0,0,2203,224c2092-44e1-4b73-879c-d0ad0c4b4c87
89759773,1,0,0,0,1,0,1,1,0,0,0,1,1,1,1,0,0,2203,224c2092-44e1-4b73-879c-d0ad0c4b4c87
90765398,1,0,0,0,1,0,1,1,0,0,0,1,1,1,1,0,0,2203,224c2092-44e1-4b73-879c-d0ad0c4b4c87
91775361,1,0,0,0,1,0,1,1,0,0,0,1,1,1,1,0,0,2203,224c2092-44e1-4b73-879c-d0ad0c4b4c87
92784397,1,0,0,0,1,0,1,1,0,0,0,1,1,1,1,0,0,2203,224c2092-44e1-4b73-879c-d0ad0c4b4c87
93794981,1,0,0,0,1,0,1,1,0,0,0,1,1,1,1,0,0,2203,224c2092-44e1-4b73-879c-d0ad0c4b4c87
94799618,1,0,0,0,1,0,1,1,0,0,0,1,1,1,1,0,0,2203,224c2092-44e1-4b73-879c-d0ad0c4b4c87
95806231,1,0,0,0,1,0,1,1,0,0,0,1,1,1,1,0,0,2203,224c2092-44e1-4b73-879c-d0ad0c4b4c87
96816540,1,0,0,0,1,0,1,1,0,0,0,1,1,1,1,0,0,2203,224c2092-44e1-4b73-879c-d0ad0c4b4c87
97817794,1,0,0,0,1,0,1,1,0,0,0,1,1,1,1,0,0,2203,224c2092-44e1-4b73-879c-d0ad0c4b4c87
98822724,1,0,0,0,1,0,1,1,0,0,0,1,1,1,1,0,0,2203,224c2092-44e1-4b73-879c-d0ad0c4b4c87
99831857,1,0,0,0,1,0,1,1,0,0,0,1,1,1,1,0,0,2203,224c2092-44e1-4b73-879c-d0ad0c4b4c87
100842184,1,0,0,0,1,0,1,1,0,0,0,1,1,1,1,0,0,2203,224c2092-44e1-4b73-879c-d0ad0c4b4c87
101843544,1,0,0,0,1,0,1,1,0,0,0,1,1,1,1,0,0,2203,224c2092-44e1-4b73-879c-d0ad0c4b4c87
102849437,1,0,0,0,1,0,1,1,0,0,0,1,1,1,1,0,0,2203,224c2092-44e1-4b73-879c-d0ad0c4b4c87
103850670,1,0,0,0,1,0,1,1,0,0,0,1,1,1,1,0,0,2203,224c2092-44e1-4b73-879c-d0ad0c4b4c87
104852343,1,0,0,0,1,0,1,1,0,0,0,1,1,1,1,0,0,2203,224c2092-44e1-4b73-879c-d0ad0c4b4c87
105858013,1,0,0,0,1,0,1,1,0,0,0,1,1,1,1,0,0,2203,224c2092-44e1-4b73-879c-d0ad0c4b4c87
106868428,1,0,0,0,1,0,1,1,0,0,0,1,1,1,1,0,0,2203,224c2092-44e1-4b73-879c-d0ad0c4b4c87
107873415,1,0,0,0,1,0,1,1,0,0,0,1,1,1,1,0,0,2203,224c2092-44e1-4b73-879c-d0ad0c4b4c87
108873764,1,0,0,0,1,0,1,1,0,0,0,1,1,1,1,0,0,2203,224c2092-44e1-4b73-879c-d0ad0c4b4c87
109883484,1,0,0,0,1,0,1,1,0,0,0,1,1,1,1,0,0,2203,224c2092-44e1-4b73-879c-d0ad0c4b4c87
110885915,1,0,0,0,1,0,1,1,0,0,0,1,1,1,1,0,0,2203,224c2092-44e1-4b73-879c-d0ad0c4b4c87
111889603,1,0,0,0,1,0,1,1,0,0,0,1,1,1,1,0,0,2203,224c2092-44e1-4b73-879c-d0ad0c4b4c87
112895375,1,0,0,0,1,0,1,1,0,0,0,1,1,1,1,0,0,2203,224c2092-44e1-4b73-879c-d0ad0c4b4c87
113904806,1,0,0,0,1,0,1,1,0,0,0,1,1,1,1,0,0,2203,224c2092-44e1-4b73-879c-d0ad0c4b4c87
114910540,1,0,0,0,1,0,1,1,0,0,0,1,1,1,1,0,0,2203,224c2092-44e1-4b73-879c-d0ad0c4b4c87
115920685,1,0,0,0,1,0,1,1,0,0,0,1,1,1,1,0,0,2203,224c2092-44e1-4b73-879c-d0ad0c4b4c87
116925678,1,0,0,0,1,0,1,1,0,0,0,1,1,1,1,0,0,2203,224c2092-44e1-4b73-879c-d0ad0c4b4c87
117932177,1,0,0,0,1,0,1,1,0,0,0,1,1,1,1,0,0,2203,224c2092-44e1-4b73-879c-d0ad0c4b4c87
118937083,1,0,0,0,1,0,1,1,0,0,0,1,1,1,1,0,0,2203,224c2092-44e1-4b73-879c-d0ad0c4b4c87
119947494,1,0,0,0,1,0,1,1,0,0,0,1,1,1,1,0,0,2203,224c2092-44e1-4b73-879c-d0ad0c4b4c87
120952008,1,0,0,0,1,0,1,1,0,0,0,1,1,1,1,0,0,2203,224c2092-44e1-4b73-879c-d0ad0c4b4c87
121957101,1,0,0,0,1,0,1,1,0,0,0,1,1,1,1,0,0,2203,224c2092-44e1-4b73-879c-d0ad0c4b4c87
122962716,1,0,0,0,1,0,1,1,0,0,0,1,1,1,1,0,0,2203,224c2092-44e1-4b73-879c-d0ad0c4b4c87
123968190,1,0,0,0,1,0,1,1,0,0,0,1,1,1,1,0,0,2203,224c2092-44e1-4b73-879c-d0ad0c4b4c87
124973509,1,0,0,0,1,0,1,1,0,0,0,1,1,1,1,0,0,2203,224c2092-44e1-4b73-879c-d0ad0c4b4c87
125979116,1,0,0,0,1,0,1,1,0,0,0,1,1,1,1,0,0,2203,224c2092-44e1-4b73-879c-d0ad0c4b4c87
126985449,1,0,0,0,1,0,1,1,0,0,0,1,1,1,1,0,0,2203,224c2092-44e1-4b73-879c-d0ad0c4b4c87
127990332,1,0,0,0,1,0,1,1,0,0,0,1,1,1,1,0,0,2203,224c2092-44e1-4b73-879c-d0ad0c4b4c87
128999795,1,0,0,0,1,0,1,1,0,0,0,1,1,1,1,0,0,2203,224c2092-44e1-4b73-879c-d0ad0c4b4c87
130009780,1,0,0,0,1,0,1,1,0,0,0,1,1,1,1,0,0,2203,224c2092-44e1-4b73-879c-d0ad0c4b4c87
131011653,1,0,0,0,1,0,1,1,0,0,0,1,1,1,1,0,0,2203,224c2092-44e1-4b73-879c-d0ad0c4b4c87
132017070,1,0,0,0,1,0,1,1,0,0,0,1,1,1,1,0,0,2203,224c2092-44e1-4b73-879c-d0ad0c4b4c87
133026591,1,0,0,0,1,0,1,1,0,0,0,1,1,1,1,0,0,2203,224c2092-44e1-4b73-879c-d0ad0c4b4c87
134031905,1,0,0,0,1,0,1,1,0,0,0,1,1,1,1,0,0,2203,224c2092-44e1-4b73-879c-d0ad0c4b4c87
135034248,1,0,0,0,1,0,1,1,0,0,0,1,1,1,1,0,0,2203,224c2092-44e1-4b73-879c-d0ad0c4b4c87
136038661,1,0,0,0,1,0,1,1,0,0,0,1,1,1,1,0,0,2203,224c2092-44e1-4b73-879c-d0ad0c4b4c87
137039931,1,0,0,0,1,0,1,1,0,0,0,1,1,1,1,0,0,2203,224c2092-44e1-4b73-879c-d0ad0c4b4c87
138044797,1,0,0,0,1,0,1,1,0,0,0,1,1,1,1,0,0,2203,224c2092-44e1-4b73-879c-d0ad0c4b4c87
139050213,1,0,0,0,1,0,1,1,0,0,0,1,1,1,1,0,0,2203,224c2092-44e1-4b73-879c-d0ad0c4b4c87
140055023,1,0,0,0,1,0,1,1,0,0,0,1,1,1,1,0,0,2203,224c2092-44e1-4b73-879c-d0ad0c4b4c87
140667384,1,0,0,0,1,0,1,1,0,0,0,1,1,1,1,0,0,2203,224c2092-44e1-4b73-879c-d0ad0c4b4c87
141673683,1,0,0,0,1,0,1,1,0,0,0,1,1,1,1,0,0,2203,224c2092-44e1-4b73-879c-d0ad0c4b4c87
142679090,1,0,0,0,1,0,1,1,0,0,0,1,1,1,1,0,0,2203,224c2092-44e1-4b73-879c-d0ad0c4b4c87
143616038,1,0,0,0,1,0,1,1,0,0,0,1,1,1,1,0,0,2203,224c2092-44e1-4b73-879c-d0ad0c4b4c87
143665520,1,0,0,0,1,0,1,1,0,0,0,1,1,1,1,0,0,2203,224c2092-44e1-4b73-879c-d0ad0c4b4c87
144667407,1,0,0,0,1,0,1,1,0,0,0,1,1,1,1,0,0,2203,224c2092-44e1-4b73-879c-d0ad0c4b4c87
145674793,1,0,0,0,1,0,1,1,0,0,0,1,1,1,1,0,0,2203,224c2092-44e1-4b73-879c-d0ad0c4b4c87
146684272,1,0,0,0,1,0,1,1,0,0,0,1,1,1,1,0,0,2203,224c2092-44e1-4b73-879c-d0ad0c4b4c87
147690508,1,0,0,0,1,0,1,1,0,0,0,1,1,1,1,0,0,2203,224c2092-44e1-4b73-879c-d0ad0c4b4c87
148695761,1,0,0,0,1,0,1,1,0,0,0,1,1,1,1,0,0,2203,224c2092-44e1-4b73-879c-d0ad0c4b4c87
149700796,1,0,0,0,1,0,1,1,0,0,0,1,1,1,1,0,0,2203,224c2092-44e1-4b73-879c-d0ad0c4b4c87
150706927,1,0,0,0,1,0,1,1,0,0,0,1,1,1,1,0,0,2203,224c2092-44e1-4b73-879c-d0ad0c4b4c87
151716628,1,0,0,0,1,0,1,1,0,0,0,1,1,1,1,0,0,2203,224c2092-44e1-4b73-879c-d0ad0c4b4c87
152717879,1,0,0,0,1,0,1,1,0,0,0,1,1,1,1,0,0,2203,224c2092-44e1-4b73-879c-d0ad0c4b4c87
153723038,1,0,0,0,1,0,1,1,0,0,0,1,1,1,1,0,0,2203,224c2092-44e1-4b73-879c-d0ad0c4b4c87
154732891,1,0,0,0,1,0,1,1,0,0,0,1,1,1,1,0,0,2203,224c2092-44e1-4b73-879c-d0ad0c4b4c87
155737720,1,0,0,0,1,0,1,1,0,0,0,1,1,1,1,0,0,2203,224c2092-44e1-4b73-879c-d0ad0c4b4c87
156743259,1,0,0,0,1,0,1,1,0,0,0,1,1,1,1,0,0,2203,224c2092-44e1-4b73-879c-d0ad0c4b4c87
157745164,1,0,0,0,1,0,1,1,0,0,0,1,1,1,1,0,0,2203,224c2092-44e1-4b73-879c-d0ad0c4b4c87
158755348,1,0,0,0,1,0,1,1,0,0,0,1,1,1,1,0,0,2203,224c2092-44e1-4b73-879c-d0ad0c4b4c87
159763169,1,0,0,0,1,0,1,1,0,0,0,1,1,1,1,0,0,2203,224c2092-44e1-4b73-879c-d0ad0c4b4c87
160765512,1,0,0,0,1,0,1,1,0,0,0,1,1,1,1,0,0,2203,224c2092-44e1-4b73-879c-d0ad0c4b4c87
161774541,1,0,0,0,1,0,1,1,0,0,0,1,1,1,1,0,0,2203,224c2092-44e1-4b73-879c-d0ad0c4b4c87
162775903,1,0,0,0,1,0,1,1,0,0,0,1,1,1,1,0,0,2203,224c2092-44e1-4b73-879c-d0ad0c4b4c87
163786389,1,0,0,0,1,0,1,1,0,0,0,1,1,1,1,0,0,2203,224c2092-44e1-4b73-879c-d0ad0c4b4c87
164787368,1,0,0,0,1,0,1,1,0,0,0,1,1,1,1,0,0,2203,224c2092-44e1-4b73-879c-d0ad0c4b4c87
165790512,1,0,0,0,1,0,1,1,0,0,0,1,1,1,1,0,0,2203,224c2092-44e1-4b73-879c-d0ad0c4b4c87
166794673,1,0,0,0,1,0,1,1,0,0,0,1,1,1,1,0,0,2203,224c2092-44e1-4b73-879c-d0ad0c4b4c87
167801695,1,0,0,0,1,0,1,1,0,0,0,1,1,1,1,0,0,2203,224c2092-44e1-4b73-879c-d0ad0c4b4c87
168813779,1,0,0,0,1,0,1,1,0,0,0,1,1,1,1,0,0,2203,224c2092-44e1-4b73-879c-d0ad0c4b4c87
169821866,1,0,0,0,1,0,1,1,0,0,0,1,1,1,1,0,0,2203,224c2092-44e1-4b73-879c-d0ad0c4b4c87
170828092,1,0,0,0,1,0,1,1,0,0,0,1,1,1,1,0,0,2203,224c2092-44e1-4b73-879c-d0ad0c4b4c87
171837517,1,0,0,0,1,0,1,1,0,0,0,1,1,1,1,0,0,2203,224c2092-44e1-4b73-879c-d0ad0c4b4c87
172842705,1,0,0,0,1,0,1,1,0,0,0,1,1,1,1,0,0,2203,224c2092-44e1-4b73-879c-d0ad0c4b4c87
173844219,1,0,0,0,1,0,1,1,0,0,0,1,1,1,1,0,0,2203,224c2092-44e1-4b73-879c-d0ad0c4b4c87
174849743,1,0,0,0,1,0,1,1,0,0,0,1,1,1,1,0,0,2203,224c2092-44e1-4b73-879c-d0ad0c4b4c87
175855509,1,0,0,0,1,0,1,1,0,0,0,1,1,1,1,0,0,2203,224c2092-44e1-4b73-879c-d0ad0c4b4c87
176860148,1,0,0,0,1,0,1,1,0,0,0,1,1,1,1,0,0,2203,224c2092-44e1-4b73-879c-d0ad0c4b4c87
177870554,1,0,0,0,1,0,1,1,0,0,0,1,1,1,1,0,0,2203,224c2092-44e1-4b73-879c-d0ad0c4b4c87
178875748,1,0,0,0,1,0,1,1,0,0,0,1,1,1,1,0,0,2203,224c2092-44e1-4b73-879c-d0ad0c4b4c87
179883252,1,0,0,0,1,0,1,1,0,0,0,1,1,1,1,0,0,2203,224c2092-44e1-4b73-879c-d0ad0c4b4c87
180888693,1,0,0,0,1,0,1,1,0,0,0,1,1,1,1,0,0,2203,224c2092-44e1-4b73-879c-d0ad0c4b4c87
181889753,1,0,0,0,1,0,1,1,0,0,0,1,1,1,1,0,0,2203,224c2092-44e1-4b73-879c-d0ad0c4b4c87
182895386,1,0,0,0,1,0,1,1,0,0,0,1,1,1,1,0,0,2203,224c2092-44e1-4b73-879c-d0ad0c4b4c87
183896631,1,0,0,0,1,0,1,1,0,0,0,1,1,1,1,0,0,2203,224c2092-44e1-4b73-879c-d0ad0c4b4c87
184898376,1,0,0,0,1,0,1,1,0,0,0,1,1,1,1,0,0,2203,224c2092-44e1-4b73-879c-d0ad0c4b4c87
185902643,1,0,0,0,1,0,1,1,0,0,0,1,1,1,1,0,0,2203,224c2092-44e1-4b73-879c-d0ad0c4b4c87
186904746,1,0,0,0,1,0,1,1,0,0,0,1,1,1,1,0,0,2203,224c2092-44e1-4b73-879c-d0ad0c4b4c87
187913860,1,0,0,0,1,0,1,1,0,0,0,1,1,1,1,0,0,2203,224c2092-44e1-4b73-879c-d0ad0c4b4c87
188924186,1,0,0,0,1,0,1,1,0,0,0,1,1,1,1,0,0,2203,224c2092-44e1-4b73-879c-d0ad0c4b4c87
189929691,1,0,0,0,1,0,1,1,0,0,0,1,1,1,1,0,0,2203,224c2092-44e1-4b73-879c-d0ad0c4b4c87
190935806,1,0,0,0,1,0,1,1,0,0,0,1,1,1,1,0,0,2203,224c2092-44e1-4b73-879c-d0ad0c4b4c87
191945065,1,0,0,0,1,0,1,1,0,0,0,1,1,1,1,0,0,2203,224c2092-44e1-4b73-879c-d0ad0c4b4c87
192949129,1,0,0,0,1,0,1,1,0,0,0,1,1,1,1,0,0,2203,224c2092-44e1-4b73-879c-d0ad0c4b4c87
193957880,1,0,0,0,1,0,1,1,0,0,0,1,1,1,1,0,0,2203,224c2092-44e1-4b73-879c-d0ad0c4b4c87
194968773,1,0,0,0,1,0,1,1,0,0,0,1,1,1,1,0,0,2203,224c2092-44e1-4b73-879c-d0ad0c4b4c87
195977680,1,0,0,0,1,0,1,1,0,0,0,1,1,1,1,0,0,2203,224c2092-44e1-4b73-879c-d0ad0c4b4c87
196637543,1,0,0,0,1,0,1,1,0,0,0,1,1,1,1,0,0,2203,224c2092-44e1-4b73-879c-d0ad0c4b4c87
196660977,1,0,0,0,1,0,1,1,0,0,0,1,1,1,1,0,0,2203,224c2092-44e1-4b73-879c-d0ad0c4b4c87
197670990,1,0,0,0,1,0,1,1,0,0,0,1,1,1,1,0,0,2203,224c2092-44e1-4b73-879c-d0ad0c4b4c87
198297538,1,0,0,0,1,0,1,1,0,0,0,1,1,1,1,0,0,2203,224c2092-44e1-4b73-879c-d0ad0c4b4c87
198308739,1,0,0,0,1,0,1,1,0,0,0,1,1,1,1,0,0,2203,224c2092-44e1-4b73-879c-d0ad0c4b4c87
198321381,1,0,0,0,1,0,1,1,0,0,0,1,1,1,1,0,0,2203,224c2092-44e1-4b73-879c-d0ad0c4b4c87
198332402,1,0,0,0,1,0,1,1,0,0,0,1,1,1,1,0,0,2203,224c2092-44e1-4b73-879c-d0ad0c4b4c87
198345601,1,0,0,0,1,0,1,1,0,0,0,1,1,1,1,0,0,2203,224c2092-44e1-4b73-879c-d0ad0c4b4c87
198356798,1,0,0,0,1,0,1,1,0,0,0,1,1,1,1,0,0,2203,224c2092-44e1-4b73-879c-d0ad0c4b4c87
198368793,1,0,0,0,1,0,1,1,0,0,0,1,1,1,1,0,0,2203,224c2092-44e1-4b73-879c-d0ad0c4b4c87
198380526,1,0,0,0,1,0,1,1,0,0,0,1,1,1,1,0,0,2203,224c2092-44e1-4b73-879c-d0ad0c4b4c87
198392961,1,0,0,0,1,0,1,1,0,0,0,1,1,1,1,0,0,2203,224c2092-44e1-4b73-879c-d0ad0c4b4c87
198404906,1,0,0,0,1,0,1,1,0,0,0,1,1,1,1,0,0,2203,224c2092-44e1-4b73-879c-d0ad0c4b4c87
198417641,1,0,0,0,1,0,1,1,0,0,0,1,1,1,1,0,0,2203,224c2092-44e1-4b73-879c-d0ad0c4b4c87
198428659,1,0,0,0,1,0,1,1,0,0,0,1,1,1,1,0,0,2203,224c2092-44e1-4b73-879c-d0ad0c4b4c87
198441643,1,0,0,0,1,0,1,1,0,0,0,1,1,1,1,0,0,2203,224c2092-44e1-4b73-879c-d0ad0c4b4c87
198452727,1,0,0,0,1,0,1,1,0,0,0,1,1,1,1,0,0,2203,224c2092-44e1-4b73-879c-d0ad0c4b4c87
198465347,1,0,0,0,1,0,1,1,0,0,0,1,1,1,1,0,0,2203,224c2092-44e1-4b73-879c-d0ad0c4b4c87
198476757,1,0,0,0,1,0,1,1,0,0,0,1,1,1,1,0,0,2203,224c2092-44e1-4b73-879c-d0ad0c4b4c87
198489109,1,0,0,0,1,0,1,1,0,0,0,1,1,1,1,0,0,2203,224c2092-44e1-4b73-879c-d0ad0c4b4c87
198500320,1,0,0,0,1,0,1,1,0,0,0,1,1,1,1,0,0,2203,224c2092-44e1-4b73-879c-d0ad0c4b4c87
198510658,1,0,0,0,1,0,1,1,0,0,0,1,1,1,1,0,0,2203,224c2092-44e1-4b73-879c-d0ad0c4b4c87
198593512,1,0,0,0,1,0,1,1,0,0,0,1,1,1,1,0,0,2203,224c2092-44e1-4b73-879c-d0ad0c4b4c87
198688999,1,0,0,0,1,0,1,1,0,0,0,1,1,1,1,0,0,2203,224c2092-44e1-4b73-879c-d0ad0c4b4c87
199693795,1,0,0,0,1,0,1,1,0,0,0,1,1,1,1,0,0,2203,224c2092-44e1-4b73-879c-d0ad0c4b4c87
200706502,1,0,0,0,1,0,1,1,0,0,0,1,1,1,1,0,0,2203,224c2092-44e1-4b73-879c-d0ad0c4b4c87
201710646,1,0,0,0,1,0,1,1,0,0,0,1,1,1,1,0,0,2203,224c2092-44e1-4b73-879c-d0ad0c4b4c87
202712187,1,0,0,0,1,0,1,1,0,0,0,1,1,1,1,0,0,2203,224c2092-44e1-4b73-879c-d0ad0c4b4c87
203718531,1,0,0,0,1,0,1,1,0,0,0,1,1,1,1,0,0,2203,224c2092-44e1-4b73-879c-d0ad0c4b4c87
204727872,1,0,0,0,1,0,1,1,0,0,0,1,1,1,1,0,0,2203,224c2092-44e1-4b73-879c-d0ad0c4b4c87
205734998,1,0,0,0,1,0,1,1,0,0,0,1,1,1,1,0,0,2203,224c2092-44e1-4b73-879c-d0ad0c4b4c87
206744886,1,0,0,0,1,0,1,1,0,0,0,1,1,1,1,0,0,2203,224c2092-44e1-4b73-879c-d0ad0c4b4c87
207748920,1,0,0,0,1,0,1,1,0,0,0,1,1,1,1,0,0,2203,224c2092-44e1-4b73-879c-d0ad0c4b4c87
208753636,1,0,0,0,1,0,1,1,0,0,0,1,1,1,1,0,0,2203,224c2092-44e1-4b73-879c-d0ad0c4b4c87
209756540,1,0,0,0,1,0,1,1,0,0,0,1,1,1,1,0,0,2203,224c2092-44e1-4b73-879c-d0ad0c4b4c87
210766167,1,0,0,0,1,0,1,1,0,0,0,1,1,1,1,0,0,2203,224c2092-44e1-4b73-879c-d0ad0c4b4c87
211771862,1,0,0,0,1,0,1,1,0,0,0,1,1,1,1,0,0,2203,224c2092-44e1-4b73-879c-d0ad0c4b4c87
212773378,1,0,0,0,1,0,1,1,0,0,0,1,1,1,1,0,0,2203,224c2092-44e1-4b73-879c-d0ad0c4b4c87
213779550,1,0,0,0,1,0,1,1,0,0,0,1,1,1,1,0,0,2203,224c2092-44e1-4b73-879c-d0ad0c4b4c87
214788264,1,0,0,0,1,0,1,1,0,0,0,1,1,1,1,0,0,2203,224c2092-44e1-4b73-879c-d0ad0c4b4c87
215793847,1,0,0,0,1,0,1,1,0,0,0,1,1,1,1,0,0,2203,224c2092-44e1-4b73-879c-d0ad0c4b4c87
216802985,1,0,0,0,1,0,1,1,0,0,0,1,1,1,1,0,0,2203,224c2092-44e1-4b73-879c-d0ad0c4b4c87
217804836,1,0,0,0,1,0,1,1,0,0,0,1,1,1,1,0,0,2203,224c2092-44e1-4b73-879c-d0ad0c4b4c87
218811382,1,0,0,0,1,0,1,1,0,0,0,1,1,1,1,0,0,2203,224c2092-44e1-4b73-879c-d0ad0c4b4c87
219820073,1,0,0,0,1,0,1,1,0,0,0,1,1,1,1,0,0,2203,224c2092-44e1-4b73-879c-d0ad0c4b4c87
220829915,1,0,0,0,1,0,1,1,0,0,0,1,1,1,1,0,0,2203,224c2092-44e1-4b73-879c-d0ad0c4b4c87
221839483,1,0,0,0,1,0,1,1,0,0,0,1,1,1,1,0,0,2203,224c2092-44e1-4b73-879c-d0ad0c4b4c87
222841013,1,0,0,0,1,0,1,1,0,0,0,1,1,1,1,0,0,2203,224c2092-44e1-4b73-879c-d0ad0c4b4c87
223849510,1,0,0,0,1,0,1,1,0,0,0,1,1,1,1,0,0,2203,224c2092-44e1-4b73-879c-d0ad0c4b4c87
224854535,1,0,0,0,1,0,1,1,0,0,0,1,1,1,1,0,0,2203,224c2092-44e1-4b73-879c-d0ad0c4b4c87
225863879,1,0,0,0,1,0,1,1,0,0,0,1,1,1,1,0,0,2203,224c2092-44e1-4b73-879c-d0ad0c4b4c87
226868808,1,0,0,0,1,0,1,1,0,0,0,1,1,1,1,0,0,2203,224c2092-44e1-4b73-879c-d0ad0c4b4c87
227875314,1,0,0,0,1,0,1,1,0,0,0,1,1,1,1,0,0,2203,224c2092-44e1-4b73-879c-d0ad0c4b4c87
228883877,1,0,0,0,1,0,1,1,0,0,0,1,1,1,1,0,0,2203,224c2092-44e1-4b73-879c-d0ad0c4b4c87
229892138,1,0,0,0,1,0,1,1,0,0,0,1,1,1,1,0,0,2203,224c2092-44e1-4b73-879c-d0ad0c4b4c87
230893571,1,0,0,0,1,0,1,1,0,0,0,1,1,1,1,0,0,2203,224c2092-44e1-4b73-879c-d0ad0c4b4c87
231902553,1,0,0,0,1,0,1,1,0,0,0,1,1,1,1,0,0,2203,224c2092-44e1-4b73-879c-d0ad0c4b4c87
232909911,1,0,0,0,1,0,1,1,0,0,0,1,1,1,1,0,0,2203,224c2092-44e1-4b73-879c-d0ad0c4b4c87
233910635,1,0,0,0,1,0,1,1,0,0,0,1,1,1,1,0,0,2203,224c2092-44e1-4b73-879c-d0ad0c4b4c87
234918839,1,0,0,0,1,0,1,1,0,0,0,1,1,1,1,0,0,2203,224c2092-44e1-4b73-879c-d0ad0c4b4c87
235927963,1,0,0,0,1,0,1,1,0,0,0,1,1,1,1,0,0,2203,224c2092-44e1-4b73-879c-d0ad0c4b4c87
236930658,1,0,0,0,1,0,1,1,0,0,0,1,1,1,1,0,0,2203,224c2092-44e1-4b73-879c-d0ad0c4b4c87
237939456,1,0,0,0,1,0,1,1,0,0,0,1,1,1,1,0,0,2203,224c2092-44e1-4b73-879c-d0ad0c4b4c87
238945377,1,0,0,0,1,0,1,1,0,0,0,1,1,1,1,0,0,2203,224c2092-44e1-4b73-879c-d0ad0c4b4c87
239946558,1,0,0,0,1,0,1,1,0,0,0,1,1,1,1,0,0,2203,224c2092-44e1-4b73-879c-d0ad0c4b4c87
240948527,1,0,0,0,1,0,1,1,0,0,0,1,1,1,1,0,0,2203,224c2092-44e1-4b73-879c-d0ad0c4b4c87
241953140,1,0,0,0,1,0,1,1,0,0,0,1,1,1,1,0,0,2203,224c2092-44e1-4b73-879c-d0ad0c4b4c87
242955058,1,0,0,0,1,0,1,1,0,0,0,1,1,1,1,0,0,2203,224c2092-44e1-4b73-879c-d0ad0c4b4c87
243964179,1,0,0,0,1,0,1,1,0,0,0,1,1,1,1,0,0,2203,224c2092-44e1-4b73-879c-d0ad0c4b4c87
244969757,1,0,0,0,1,0,1,1,0,0,0,1,1,1,1,0,0,2203,224c2092-44e1-4b73-879c-d0ad0c4b4c87
245975106,1,0,0,0,1,0,1,1,0,0,0,1,1,1,1,0,0,2203,224c2092-44e1-4b73-879c-d0ad0c4b4c87
246981934,1,0,0,0,1,0,1,1,0,0,0,1,1,1,1,0,0,2203,224c2092-44e1-4b73-879c-d0ad0c4b4c87
247990569,1,0,0,0,1,0,1,1,0,0,0,1,1,1,1,0,0,2203,224c2092-44e1-4b73-879c-d0ad0c4b4c87
248990684,1,0,0,0,1,0,1,1,0,0,0,1,1,1,1,0,0,2203,224c2092-44e1-4b73-879c-d0ad0c4b4c87
249995933,1,0,0,0,1,0,1,1,0,0,0,1,1,1,1,0,0,2203,224c2092-44e1-4b73-879c-d0ad0c4b4c87
250997747,1,0,0,0,1,0,1,1,0,0,0,1,1,1,1,0,0,2203,224c2092-44e1-4b73-879c-d0ad0c4b4c87
251999360,1,0,0,0,1,0,1,1,0,0,0,1,1,1,1,0,0,2203,224c2092-44e1-4b73-879c-d0ad0c4b4c87
253004688,1,0,0,0,1,0,1,1,0,0,0,1,1,1,1,0,0,2203,224c2092-44e1-4b73-879c-d0ad0c4b4c87
254013801,1,0,0,0,1,0,1,1,0,0,0,1,1,1,1,0,0,2203,224c2092-44e1-4b73-879c-d0ad0c4b4c87
255021389,1,0,0,0,1,0,1,1,0,0,0,1,1,1,1,0,0,2203,224c2092-44e1-4b73-879c-d0ad0c4b4c87
256022250,1,0,0,0,1,0,1,1,0,0,0,1,1,1,1,0,0,2203,224c2092-44e1-4b73-879c-d0ad0c4b4c87
257035372,1,0,0,0,1,0,1,1,0,0,0,1,1,1,1,0,0,2203,224c2092-44e1-4b73-879c-d0ad0c4b4c87
258044694,1,0,0,0,1,0,1,1,0,0,0,1,1,1,1,0,0,2203,224c2092-44e1-4b73-879c-d0ad0c4b4c87
259053672,1,0,0,0,1,0,1,1,0,0,0,1,1,1,1,0,0,2203,224c2092-44e1-4b73-879c-d0ad0c4b4c87
260059329,1,0,0,0,1,0,1,1,0,0,0,1,1,1,1,0,0,2203,224c2092-44e1-4b73-879c-d0ad0c4b4c87
261064330,1,0,0,0,1,0,1,1,0,0,0,1,1,1,1,0,0,2203,224c2092-44e1-4b73-879c-d0ad0c4b4c87
262075448,1,0,0,0,1,0,1,1,0,0,0,1,1,1,1,0,0,2203,224c2092-44e1-4b73-879c-d0ad0c4b4c87
263085022,1,0,0,0,1,0,1,1,0,0,0,1,1,1,1,0,0,2203,224c2092-44e1-4b73-879c-d0ad0c4b4c87
264093394,1,0,0,0,1,0,1,1,0,0,0,1,1,1,1,0,0,2203,224c2092-44e1-4b73-879c-d0ad0c4b4c87
265103172,1,0,0,0,1,0,1,1,0,0,0,1,1,1,1,0,0,2203,224c2092-44e1-4b73-879c-d0ad0c4b4c87
266108655,1,0,0,0,1,0,1,1,0,0,0,1,1,1,1,0,0,2203,224c2092-44e1-4b73-879c-d0ad0c4b4c87
267115400,1,0,0,0,1,0,1,1,0,0,0,1,1,1,1,0,0,2203,224c2092-44e1-4b73-879c-d0ad0c4b4c87
268120022,1,0,0,0,1,0,1,1,0,0,0,1,1,1,1,0,0,2203,224c2092-44e1-4b73-879c-d0ad0c4b4c87
269122954,1,0,0,0,1,0,1,1,0,0,0,1,1,1,1,0,0,2203,224c2092-44e1-4b73-879c-d0ad0c4b4c87
270125895,1,0,0,0,1,0,1,1,0,0,0,1,1,1,1,0,0,2203,224c2092-44e1-4b73-879c-d0ad0c4b4c87
271128046,1,0,0,0,1,0,1,1,0,0,0,1,1,1,1,0,0,2203,224c2092-44e1-4b73-879c-d0ad0c4b4c87
272135515,1,0,0,0,1,0,1,1,0,0,0,1,1,1,1,0,0,2203,224c2092-44e1-4b73-879c-d0ad0c4b4c87
273147456,1,0,0,0,1,0,1,1,0,0,0,1,1,1,1,0,0,2203,224c2092-44e1-4b73-879c-d0ad0c4b4c87
274156185,1,0,0,0,1,0,1,1,0,0,0,1,1,1,1,0,0,2203,224c2092-44e1-4b73-879c-d0ad0c4b4c87
275165930,1,0,0,0,1,0,1,1,0,0,0,1,1,1,1,0,0,2203,224c2092-44e1-4b73-879c-d0ad0c4b4c87
276175099,1,0,0,0,1,0,1,1,0,0,0,1,1,1,1,0,0,2203,224c2092-44e1-4b73-879c-d0ad0c4b4c87
277181507,1,0,0,0,1,0,1,1,0,0,0,1,1,1,1,0,0,2203,224c2092-44e1-4b73-879c-d0ad0c4b4c87
278189811,1,0,0,0,1,0,1,1,0,0,0,1,1,1,1,0,0,2203,224c2092-44e1-4b73-879c-d0ad0c4b4c87
279192027,1,0,0,0,1,0,1,1,0,0,0,1,1,1,1,0,0,2203,224c2092-44e1-4b73-879c-d0ad0c4b4c87
280201527,1,0,0,0,1,0,1,1,0,0,0,1,1,1,1,0,0,2203,224c2092-44e1-4b73-879c-d0ad0c4b4c87
281207782,1,0,0,0,1,0,1,1,0,0,0,1,1,1,1,0,0,2203,224c2092-44e1-4b73-879c-d0ad0c4b4c87
282208986,1,0,0,0,1,0,1,1,0,0,0,1,1,1,1,0,0,2203,224c2092-44e1-4b73-879c-d0ad0c4b4c87
282897015,1,0,0,0,1,0,1,1,0,0,0,1,1,1,1,0,0,2203,224c2092-44e1-4b73-879c-d0ad0c4b4c87
282918524,1,0,0,0,1,0,1,1,0,0,0,1,1,1,1,0,0,2203,224c2092-44e1-4b73-879c-d0ad0c4b4c87
283930545,1,0,0,0,1,0,1,1,0,0,0,1,1,1,1,0,0,2203,224c2092-44e1-4b73-879c-d0ad0c4b4c87
284940038,1,0,0,0,1,0,1,1,0,0,0,1,1,1,1,0,0,2203,224c2092-44e1-4b73-879c-d0ad0c4b4c87
285023752,1,0,0,0,1,0,1,1,0,0,0,1,1,1,1,0,0,2203,224c2092-44e1-4b73-879c-d0ad0c4b4c87
286035109,1,0,0,0,1,0,1,1,0,0,0,1,1,1,1,0,0,2203,224c2092-44e1-4b73-879c-d0ad0c4b4c87
286643760,1,0,0,0,1,0,1,1,0,0,0,1,1,1,1,0,0,2203,224c2092-44e1-4b73-879c-d0ad0c4b4c87
286655120,1,0,0,0,1,0,1,1,0,0,0,1,1,1,1,0,0,2203,224c2092-44e1-4b73-879c-d0ad0c4b4c87
286679022,1,0,0,0,1,0,1,1,0,0,0,1,1,1,1,0,0,2203,224c2092-44e1-4b73-879c-d0ad0c4b4c87
286691249,1,0,0,0,1,0,1,1,0,0,0,1,1,1,1,0,0,2203,224c2092-44e1-4b73-879c-d0ad0c4b4c87
287693105,1,0,0,0,1,0,1,1,0,0,0,1,1,1,1,0,0,2203,224c2092-44e1-4b73-879c-d0ad0c4b4c87
288702148,1,0,0,0,1,0,1,1,0,0,0,1,1,1,1,0,0,2203,224c2092-44e1-4b73-879c-d0ad0c4b4c87
289704094,1,0,0,0,1,0,1,1,0,0,0,1,1,1,1,0,0,2203,224c2092-44e1-4b73-879c-d0ad0c4b4c87
290709446,1,0,0,0,1,0,1,1,0,0,0,1,1,1,1,0,0,2203,224c2092-44e1-4b73-879c-d0ad0c4b4c87
291718968,1,0,0,0,1,0,1,1,0,0,0,1,1,1,1,0,0,2203,224c2092-44e1-4b73-879c-d0ad0c4b4c87
292720548,1,0,0,0,1,0,1,1,0,0,0,1,1,1,1,0,0,2203,224c2092-44e1-4b73-879c-d0ad0c4b4c87
293726470,1,0,0,0,1,0,1,1,0,0,0,1,1,1,1,0,0,2203,224c2092-44e1-4b73-879c-d0ad0c4b4c87
294731749,1,0,0,0,1,0,1,1,0,0,0,1,1,1,1,0,0,2203,224c2092-44e1-4b73-879c-d0ad0c4b4c87
295736672,1,0,0,0,1,0,1,1,0,0,0,1,1,1,1,0,0,2203,224c2092-44e1-4b73-879c-d0ad0c4b4c87
296738499,1,0,0,0,1,0,1,1,0,0,0,1,1,1,1,0,0,2203,224c2092-44e1-4b73-879c-d0ad0c4b4c87
297743883,1,0,0,0,1,0,1,1,0,0,0,1,1,1,1,0,0,2203,224c2092-44e1-4b73-879c-d0ad0c4b4c87
298751539,1,0,0,0,1,0,1,1,0,0,0,1,1,1,1,0,0,2203,224c2092-44e1-4b73-879c-d0ad0c4b4c87
299763316,1,0,0,0,1,0,1,1,0,0,0,1,1,1,1,0,0,2203,224c2092-44e1-4b73-879c-d0ad0c4b4c87
300769043,1,0,0,0,1,0,1,1,0,0,0,1,1,1,1,0,0,2203,224c2092-44e1-4b73-879c-d0ad0c4b4c87
301771116,1,0,0,0,1,0,1,1,0,0,0,1,1,1,1,0,0,2203,224c2092-44e1-4b73-879c-d0ad0c4b4c87
302772193,1,0,0,0,1,0,1,1,0,0,0,1,1,1,1,0,0,2203,224c2092-44e1-4b73-879c-d0ad0c4b4c87
303780980,1,0,0,0,1,0,1,1,0,0,0,1,1,1,1,0,0,2203,224c2092-44e1-4b73-879c-d0ad0c4b4c87
304791105,1,0,0,0,1,0,1,1,0,0,0,1,1,1,1,0,0,2203,224c2092-44e1-4b73-879c-d0ad0c4b4c87
305792585,1,0,0,0,1,0,1,1,0,0,0,1,1,1,1,0,0,2203,224c2092-44e1-4b73-879c-d0ad0c4b4c87
306797874,1,0,0,0,1,0,1,1,0,0,0,1,1,1,1,0,0,2203,224c2092-44e1-4b73-879c-d0ad0c4b4c87
307799656,1,0,0,0,1,0,1,1,0,0,0,1,1,1,1,0,0,2203,224c2092-44e1-4b73-879c-d0ad0c4b4c87
308806494,1,0,0,0,1,0,1,1,0,0,0,1,1,1,1,0,0,2203,224c2092-44e1-4b73-879c-d0ad0c4b4c87
309811914,1,0,0,0,1,0,1,1,0,0,0,1,1,1,1,0,0,2203,224c2092-44e1-4b73-879c-d0ad0c4b4c87
310816595,1,0,0,0,1,0,1,1,0,0,0,1,1,1,1,0,0,2203,224c2092-44e1-4b73-879c-d0ad0c4b4c87
311827057,1,0,0,0,1,0,1,1,0,0,0,1,1,1,1,0,0,2203,224c2092-44e1-4b73-879c-d0ad0c4b4c87
312835821,1,0,0,0,1,0,1,1,0,0,0,1,1,1,1,0,0,2203,224c2092-44e1-4b73-879c-d0ad0c4b4c87
313838496,1,0,0,0,1,0,1,1,0,0,0,1,1,1,1,0,0,2203,224c2092-44e1-4b73-879c-d0ad0c4b4c87
314842977,1,0,0,0,1,0,1,1,0,0,0,1,1,1,1,0,0,2203,224c2092-44e1-4b73-879c-d0ad0c4b4c87
315844245,1,0,0,0,1,0,1,1,0,0,0,1,1,1,1,0,0,2203,224c2092-44e1-4b73-879c-d0ad0c4b4c87
316850347,1,0,0,0,1,0,1,1,0,0,0,1,1,1,1,0,0,2203,224c2092-44e1-4b73-879c-d0ad0c4b4c87
317860981,1,0,0,0,1,0,1,1,0,0,0,1,1,1,1,0,0,2203,224c2092-44e1-4b73-879c-d0ad0c4b4c87
318031283,1,0,0,0,1,0,1,1,0,0,0,1,1,1,1,0,0,2203,224c2092-44e1-4b73-879c-d0ad0c4b4c87
318054575,1,0,0,0,1,0,1,1,0,0,0,1,1,1,1,0,0,2203,224c2092-44e1-4b73-879c-d0ad0c4b4c87
319055867,1,0,0,0,1,0,1,1,0,0,0,1,1,1,1,0,0,2203,224c2092-44e1-4b73-879c-d0ad0c4b4c87
320061385,1,0,0,0,1,0,1,1,0,0,0,1,1,1,1,0,0,2203,224c2092-44e1-4b73-879c-d0ad0c4b4c87
321071194,1,0,0,0,1,0,1,1,0,0,0,1,1,1,1,0,0,2203,224c2092-44e1-4b73-879c-d0ad0c4b4c87
322073021,1,0,0,0,1,0,1,1,0,0,0,1,1,1,1,0,0,2203,224c2092-44e1-4b73-879c-d0ad0c4b4c87
323078180,1,0,0,0,1,0,1,1,0,0,0,1,1,1,1,0,0,2203,224c2092-44e1-4b73-879c-d0ad0c4b4c87
324084027,1,0,0,0,1,0,1,1,0,0,0,1,1,1,1,0,0,2203,224c2092-44e1-4b73-879c-d0ad0c4b4c87
325085096,1,0,0,0,1,0,1,1,0,0,0,1,1,1,1,0,0,2203,224c2092-44e1-4b73-879c-d0ad0c4b4c87
326085906,1,0,0,0,1,0,1,1,0,0,0,1,1,1,1,0,0,2203,224c2092-44e1-4b73-879c-d0ad0c4b4c87
327093671,1,0,0,0,1,0,1,1,0,0,0,1,1,1,1,0,0,2203,224c2092-44e1-4b73-879c-d0ad0c4b4c87
328099513,1,0,0,0,1,0,1,1,0,0,0,1,1,1,1,0,0,2203,224c2092-44e1-4b73-879c-d0ad0c4b4c87
329106513,1,0,0,0,1,0,1,1,0,0,0,1,1,1,1,0,0,2203,224c2092-44e1-4b73-879c-d0ad0c4b4c87
330108665,1,0,0,0,1,0,1,1,0,0,0,1,1,1,1,0,0,2203,224c2092-44e1-4b73-879c-d0ad0c4b4c87
331109807,1,0,0,0,1,0,1,1,0,0,0,1,1,1,1,0,0,2203,224c2092-44e1-4b73-879c-d0ad0c4b4c87
332120150,1,0,0,0,1,0,1,1,0,0,0,1,1,1,1,0,0,2203,224c2092-44e1-4b73-879c-d0ad0c4b4c87
333121513,1,0,0,0,1,0,1,1,0,0,0,1,1,1,1,0,0,2203,224c2092-44e1-4b73-879c-d0ad0c4b4c87
334126551,1,0,0,0,1,0,1,1,0,0,0,1,1,1,1,0,0,2203,224c2092-44e1-4b73-879c-d0ad0c4b4c87
335133815,1,0,0,0,1,0,1,1,0,0,0,1,1,1,1,0,0,2203,224c2092-44e1-4b73-879c-d0ad0c4b4c87
336144673,1,0,0,0,1,0,1,1,0,0,0,1,1,1,1,0,0,2203,224c2092-44e1-4b73-879c-d0ad0c4b4c87
337147385,1,0,0,0,1,0,1,1,0,0,0,1,1,1,1,0,0,2203,224c2092-44e1-4b73-879c-d0ad0c4b4c87
338153522,1,0,0,0,1,0,1,1,0,0,0,1,1,1,1,0,0,2203,224c2092-44e1-4b73-879c-d0ad0c4b4c87
339162688,1,0,0,0,1,0,1,1,0,0,0,1,1,1,1,0,0,2203,224c2092-44e1-4b73-879c-d0ad0c4b4c87
340165023,1,0,0,0,1,0,1,1,0,0,0,1,1,1,1,0,0,2203,224c2092-44e1-4b73-879c-d0ad0c4b4c87
341177569,1,0,0,0,1,0,1,1,0,0,0,1,1,1,1,0,0,2203,224c2092-44e1-4b73-879c-d0ad0c4b4c87
342185156,1,0,0,0,1,0,1,1,0,0,0,1,1,1,1,0,0,2203,224c2092-44e1-4b73-879c-d0ad0c4b4c87
343194685,1,0,0,0,1,0,1,1,0,0,0,1,1,1,1,0,0,2203,224c2092-44e1-4b73-879c-d0ad0c4b4c87
344199421,1,0,0,0,1,0,1,1,0,0,0,1,1,1,1,0,0,2203,224c2092-44e1-4b73-879c-d0ad0c4b4c87
345205515,1,0,0,0,1,0,1,1,0,0,0,1,1,1,1,0,0,2203,224c2092-44e1-4b73-879c-d0ad0c4b4c87
346214658,1,0,0,0,1,0,1,1,0,0,0,1,1,1,1,0,0,2203,224c2092-44e1-4b73-879c-d0ad0c4b4c87
347218149,1,0,0,0,1,0,1,1,0,0,0,1,1,1,1,0,0,2203,224c2092-44e1-4b73-879c-d0ad0c4b4c87
348219258,1,0,0,0,1,0,1,1,0,0,0,1,1,1,1,0,0,2203,224c2092-44e1-4b73-879c-d0ad0c4b4c87
349221681,1,0,0,0,1,0,1,1,0,0,0,1,1,1,1,0,0,2203,224c2092-44e1-4b73-879c-d0ad0c4b4c87
350224857,1,0,0,0,1,0,1,1,0,0,0,1,1,1,1,0,0,2203,224c2092-44e1-4b73-879c-d0ad0c4b4c87
351226505,1,0,0,0,1,0,1,1,0,0,0,1,1,1,1,0,0,2203,224c2092-44e1-4b73-879c-d0ad0c4b4c87
352232587,1,0,0,0,1,0,1,1,0,0,0,1,1,1,1,0,0,2203,224c2092-44e1-4b73-879c-d0ad0c4b4c87
353241770,1,0,0,0,1,0,1,1,0,0,0,1,1,1,1,0,0,2203,224c2092-44e1-4b73-879c-d0ad0c4b4c87
354251258,1,0,0,0,1,0,1,1,0,0,0,1,1,1,1,0,0,2203,224c2092-44e1-4b73-879c-d0ad0c4b4c87
355252559,1,0,0,0,1,0,1,1,0,0,0,1,1,1,1,0,0,2203,224c2092-44e1-4b73-879c-d0ad0c4b4c87
356262582,1,0,0,0,1,0,1,1,0,0,0,1,1,1,1,0,0,2203,224c2092-44e1-4b73-879c-d0ad0c4b4c87
357271018,1,0,0,0,1,0,1,1,0,0,0,1,1,1,1,0,0,2203,224c2092-44e1-4b73-879c-d0ad0c4b4c87
358278504,1,0,0,0,1,0,1,1,0,0,0,1,1,1,1,0,0,2203,224c2092-44e1-4b73-879c-d0ad0c4b4c87
359282809,1,0,0,0,1,0,1,1,0,0,0,1,1,1,1,0,0,2203,224c2092-44e1-4b73-879c-d0ad0c4b4c87
360289138,1,0,0,0,1,0,1,1,0,0,0,1,1,1,1,0,0,2203,224c2092-44e1-4b73-879c-d0ad0c4b4c87
361298638,1,0,0,0,1,0,1,1,0,0,0,1,1,1,1,0,0,2203,224c2092-44e1-4b73-879c-d0ad0c4b4c87
362300079,1,0,0,0,1,0,1,1,0,0,0,1,1,1,1,0,0,2203,224c2092-44e1-4b73-879c-d0ad0c4b4c87
363309516,1,0,0,0,1,0,1,1,0,0,0,1,1,1,1,0,0,2203,224c2092-44e1-4b73-879c-d0ad0c4b4c87
364318962,1,0,0,0,1,0,1,1,0,0,0,1,1,1,1,0,0,2203,224c2092-44e1-4b73-879c-d0ad0c4b4c87
365324870,1,0,0,0,1,0,1,1,0,0,0,1,1,1,1,0,0,2203,224c2092-44e1-4b73-879c-d0ad0c4b4c87
366329494,1,0,0,0,1,0,1,1,0,0,0,1,1,1,1,0,0,2203,224c2092-44e1-4b73-879c-d0ad0c4b4c87
367329792,1,0,0,0,1,0,1,1,0,0,0,1,1,1,1,0,0,2203,224c2092-44e1-4b73-879c-d0ad0c4b4c87
368338653,1,0,0,0,1,0,1,1,0,0,0,1,1,1,1,0,0,2203,224c2092-44e1-4b73-879c-d0ad0c4b4c87
369349557,1,0,0,0,1,0,1,1,0,0,0,1,1,1,1,0,0,2203,224c2092-44e1-4b73-879c-d0ad0c4b4c87
370360040,1,0,0,0,1,0,1,1,0,0,0,1,1,1,1,0,0,2203,224c2092-44e1-4b73-879c-d0ad0c4b4c87
371364710,1,0,0,0,1,0,1,1,0,0,0,1,1,1,1,0,0,2203,224c2092-44e1-4b73-879c-d0ad0c4b4c87
372374665,1,0,0,0,1,0,1,1,0,0,0,1,1,1,1,0,0,2203,224c2092-44e1-4b73-879c-d0ad0c4b4c87
373379293,1,0,0,0,1,0,1,1,0,0,0,1,1,1,1,0,0,2203,224c2092-44e1-4b73-879c-d0ad0c4b4c87
374387310,1,0,0,0,1,0,1,1,0,0,0,1,1,1,1,0,0,2203,224c2092-44e1-4b73-879c-d0ad0c4b4c87
375394574,1,0,0,0,1,0,1,1,0,0,0,1,1,1,1,0,0,2203,224c2092-44e1-4b73-879c-d0ad0c4b4c87
376398139,1,0,0,0,1,0,1,1,0,0,0,1,1,1,1,0,0,2203,224c2092-44e1-4b73-879c-d0ad0c4b4c87
377403335,1,0,0,0,1,0,1,1,0,0,0,1,1,1,1,0,0,2203,224c2092-44e1-4b73-879c-d0ad0c4b4c87
378412222,1,0,0,0,1,0,1,1,0,0,0,1,1,1,1,0,0,2203,224c2092-44e1-4b73-879c-d0ad0c4b4c87
379419198,1,0,0,0,1,0,1,1,0,0,0,1,1,1,1,0,0,2203,224c2092-44e1-4b73-879c-d0ad0c4b4c87
380420941,1,0,0,0,1,0,1,1,0,0,0,1,1,1,1,0,0,2203,224c2092-44e1-4b73-879c-d0ad0c4b4c87
381428711,1,0,0,0,1,0,1,1,0,0,0,1,1,1,1,0,0,2203,224c2092-44e1-4b73-879c-d0ad0c4b4c87
382438227,1,0,0,0,1,0,1,1,0,0,0,1,1,1,1,0,0,2203,224c2092-44e1-4b73-879c-d0ad0c4b4c87
383439742,1,0,0,0,1,0,1,1,0,0,0,1,1,1,1,0,0,2203,224c2092-44e1-4b73-879c-d0ad0c4b4c87
384444939,1,0,0,0,1,0,1,1,0,0,0,1,1,1,1,0,0,2203,224c2092-44e1-4b73-879c-d0ad0c4b4c87
385450484,1,0,0,0,1,0,1,1,0,0,0,1,1,1,1,0,0,2203,224c2092-44e1-4b73-879c-d0ad0c4b4c87
386457932,1,0,0,0,1,0,1,1,0,0,0,1,1,1,1,0,0,2203,224c2092-44e1-4b73-879c-d0ad0c4b4c87
387459353,1,0,0,0,1,0,1,1,0,0,0,1,1,1,1,0,0,2203,224c2092-44e1-4b73-879c-d0ad0c4b4c87
388466171,1,0,0,0,1,0,1,1,0,0,0,1,1,1,1,0,0,2203,224c2092-44e1-4b73-879c-d0ad0c4b4c87
389471120,1,0,0,0,1,0,1,1,0,0,0,1,1,1,1,0,0,2203,224c2092-44e1-4b73-879c-d0ad0c4b4c87
390477525,1,0,0,0,1,0,1,1,0,0,0,1,1,1,1,0,0,2203,224c2092-44e1-4b73-879c-d0ad0c4b4c87
391487406,1,0,0,0,1,0,1,1,0,0,0,1,1,1,1,0,0,2203,224c2092-44e1-4b73-879c-d0ad0c4b4c87
392496005,1,0,0,0,1,0,1,1,0,0,0,1,1,1,1,0,0,2203,224c2092-44e1-4b73-879c-d0ad0c4b4c87
393498187,1,0,0,0,1,0,1,1,0,0,0,1,1,1,1,0,0,2203,224c2092-44e1-4b73-879c-d0ad0c4b4c87
394499251,1,0,0,0,1,0,1,1,0,0,0,1,1,1,1,0,0,2203,224c2092-44e1-4b73-879c-d0ad0c4b4c87
395500237,1,0,0,0,1,0,1,1,0,0,0,1,1,1,1,0,0,2203,224c2092-44e1-4b73-879c-d0ad0c4b4c87
396349913,1,0,0,1,0,0,1,1,0,0,0,1,1,1,1,0,0,2203,224c2092-44e1-4b73-879c-d0ad0c4b4c87
397358539,1,0,0,1,0,0,1,1,0,0,0,1,1,1,1,0,0,2203,224c2092-44e1-4b73-879c-d0ad0c4b4c87
398364267,1,0,0,1,0,0,1,1,0,0,0,1,1,1,1,0,0,2203,224c2092-44e1-4b73-879c-d0ad0c4b4c87
399372199,1,0,0,1,0,0,1,1,0,0,0,1,1,1,1,0,0,2203,224c2092-44e1-4b73-879c-d0ad0c4b4c87
400377747,1,0,0,1,0,0,1,1,0,0,0,1,1,1,1,0,0,2203,224c2092-44e1-4b73-879c-d0ad0c4b4c87
401379378,1,0,0,1,0,0,1,1,0,0,0,1,1,1,1,0,0,2203,224c2092-44e1-4b73-879c-d0ad0c4b4c87
402389637,1,0,0,1,0,0,1,1,0,0,0,1,1,1,1,0,0,2203,224c2092-44e1-4b73-879c-d0ad0c4b4c87
403394709,1,0,0,1,0,0,1,1,0,0,0,1,1,1,1,0,0,2203,224c2092-44e1-4b73-879c-d0ad0c4b4c87
404398425,1,0,0,1,0,0,1,1,0,0,0,1,1,1,1,0,0,2203,224c2092-44e1-4b73-879c-d0ad0c4b4c87
405409042,1,0,0,1,0,0,1,1,0,0,0,1,1,1,1,0,0,2203,224c2092-44e1-4b73-879c-d0ad0c4b4c87
406419010,1,0,0,1,0,0,1,1,0,0,0,1,1,1,1,0,0,2203,224c2092-44e1-4b73-879c-d0ad0c4b4c87
407427851,1,0,0,1,0,0,1,1,0,0,0,1,1,1,1,0,0,2203,224c2092-44e1-4b73-879c-d0ad0c4b4c87
408433033,1,0,0,1,0,0,1,1,0,0,0,1,1,1,1,0,0,2203,224c2092-44e1-4b73-879c-d0ad0c4b4c87
409434724,1,0,0,1,0,0,1,1,0,0,0,1,1,1,1,0,0,2203,224c2092-44e1-4b73-879c-d0ad0c4b4c87
410441169,1,0,0,1,0,0,1,1,0,0,0,1,1,1,1,0,0,2203,224c2092-44e1-4b73-879c-d0ad0c4b4c87
411450616,1,0,0,1,0,0,1,1,0,0,0,1,1,1,1,0,0,2203,224c2092-44e1-4b73-879c-d0ad0c4b4c87
412455767,1,0,0,1,0,0,1,1,0,0,0,1,1,1,1,0,0,2203,224c2092-44e1-4b73-879c-d0ad0c4b4c87
413465734,1,0,0,1,0,0,1,1,0,0,0,1,1,1,1,0,0,2203,224c2092-44e1-4b73-879c-d0ad0c4b4c87
414474853,1,0,0,1,0,0,1,1,0,0,0,1,1,1,1,0,0,2203,224c2092-44e1-4b73-879c-d0ad0c4b4c87
415484079,1,0,0,1,0,0,1,1,0,0,0,1,1,1,1,0,0,2203,224c2092-44e1-4b73-879c-d0ad0c4b4c87
416485026,1,0,0,1,0,0,1,1,0,0,0,1,1,1,1,0,0,2203,224c2092-44e1-4b73-879c-d0ad0c4b4c87
417492051,1,0,0,1,0,0,1,1,0,0,0,1,1,1,1,0,0,2203,224c2092-44e1-4b73-879c-d0ad0c4b4c87
418492864,1,0,0,1,0,0,1,1,0,0,0,1,1,1,1,0,0,2203,224c2092-44e1-4b73-879c-d0ad0c4b4c87
419493581,1,0,0,1,0,0,1,1,0,0,0,1,1,1,1,0,0,2203,224c2092-44e1-4b73-879c-d0ad0c4b4c87
420503244,1,0,0,1,0,0,1,1,0,0,0,1,1,1,1,0,0,2203,224c2092-44e1-4b73-879c-d0ad0c4b4c87
421512707,1,0,0,1,0,0,1,1,0,0,0,1,1,1,1,0,0,2203,224c2092-44e1-4b73-879c-d0ad0c4b4c87
422514507,1,0,0,1,0,0,1,1,0,0,0,1,1,1,1,0,0,2203,224c2092-44e1-4b73-879c-d0ad0c4b4c87
423517915,1,0,0,1,0,0,1,1,0,0,0,1,1,1,1,0,0,2203,224c2092-44e1-4b73-879c-d0ad0c4b4c87
424519881,1,0,0,1,0,0,1,1,0,0,0,1,1,1,1,0,0,2203,224c2092-44e1-4b73-879c-d0ad0c4b4c87
425524885,1,0,0,1,0,0,1,1,0,0,0,1,1,1,1,0,0,2203,224c2092-44e1-4b73-879c-d0ad0c4b4c87
426526651,1,0,0,1,0,0,1,1,0,0,0,1,1,1,1,0,0,2203,224c2092-44e1-4b73-879c-d0ad0c4b4c87
427537480,1,0,0,1,0,0,1,1,0,0,0,1,1,1,1,0,0,2203,224c2092-44e1-4b73-879c-d0ad0c4b4c87
428541634,1,0,0,1,0,0,1,1,0,0,0,1,1,1,1,0,0,2203,224c2092-44e1-4b73-879c-d0ad0c4b4c87
429549443,1,0,0,1,0,0,1,1,0,0,0,1,1,1,1,0,0,2203,224c2092-44e1-4b73-879c-d0ad0c4b4c87
430557065,1,0,0,1,0,0,1,1,0,0,0,1,1,1,1,0,0,2203,224c2092-44e1-4b73-879c-d0ad0c4b4c87
431564043,1,0,0,1,0,0,1,1,0,0,0,1,1,1,1,0,0,2203,224c2092-44e1-4b73-879c-d0ad0c4b4c87
432564072,1,0,0,1,0,0,1,1,0,0,0,1,1,1,1,0,0,2203,224c2092-44e1-4b73-879c-d0ad0c4b4c87
433565685,1,0,0,1,0,0,1,1,0,0,0,1,1,1,1,0,0,2203,224c2092-44e1-4b73-879c-d0ad0c4b4c87
434574947,1,0,0,1,0,0,1,1,0,0,0,1,1,1,1,0,0,2203,224c2092-44e1-4b73-879c-d0ad0c4b4c87
434586985,0,0,0,1,0,0,1,1,0,0,0,1,1,1,1,0,0,2203,224c2092-44e1-4b73-879c-d0ad0c4b4c87
