timestamp,alt_max,landed,freefall,ground_contact,maybe_landed,basestation,flight_number
58855473,125.0,1,0,0,0,2203,224c2092-44e1-4b73-879c-d0ad0c4b4c87
59862501,125.0,1,0,0,0,2203,224c2092-44e1-4b73-879c-d0ad0c4b4c87
60870243,125.0,1,0,0,0,2203,224c2092-44e1-4b73-879c-d0ad0c4b4c87
61889485,125.0,1,0,0,0,2203,224c2092-44e1-4b73-879c-d0ad0c4b4c87
62908753,125.0,1,0,0,0,2203,224c2092-44e1-4b73-879c-d0ad0c4b4c87
63909485,125.0,1,0,0,0,2203,224c2092-44e1-4b73-879c-d0ad0c4b4c87
64925476,125.0,1,0,0,0,2203,224c2092-44e1-4b73-879c-d0ad0c4b4c87
65927492,125.0,1,0,0,0,2203,224c2092-44e1-4b73-879c-d0ad0c4b4c87
66011480,125.0,0,0,0,0,2203,224c2092-44e1-4b73-879c-d0ad0c4b4c87
67018416,125.0,0,0,0,0,2203,224c2092-44e1-4b73-879c-d0ad0c4b4c87
68037489,125.0,0,0,0,0,2203,224c2092-44e1-4b73-879c-d0ad0c4b4c87
69042493,125.0,0,0,0,0,2203,224c2092-44e1-4b73-879c-d0ad0c4b4c87
70052640,125.0,0,0,0,0,2203,224c2092-44e1-4b73-879c-d0ad0c4b4c87
71069650,125.0,0,0,0,0,2203,224c2092-44e1-4b73-879c-d0ad0c4b4c87
72071169,125.0,0,0,0,0,2203,224c2092-44e1-4b73-879c-d0ad0c4b4c87
73073489,125.0,0,0,0,0,2203,224c2092-44e1-4b73-879c-d0ad0c4b4c87
74075486,125.0,0,0,0,0,2203,224c2092-44e1-4b73-879c-d0ad0c4b4c87
75090979,125.0,0,0,0,0,2203,224c2092-44e1-4b73-879c-d0ad0c4b4c87
76092862,125.0,0,0,0,0,2203,224c2092-44e1-4b73-879c-d0ad0c4b4c87
77103161,125.0,0,0,0,0,2203,224c2092-44e1-4b73-879c-d0ad0c4b4c87
78119123,125.0,0,0,0,0,2203,224c2092-44e1-4b73-879c-d0ad0c4b4c87
79119760,125.0,0,0,0,0,2203,224c2092-44e1-4b73-879c-d0ad0c4b4c87
80125491,125.0,0,0,0,0,2203,224c2092-44e1-4b73-879c-d0ad0c4b4c87
81137492,125.0,0,0,0,0,2203,224c2092-44e1-4b73-879c-d0ad0c4b4c87
82154479,125.0,0,0,0,0,2203,224c2092-44e1-4b73-879c-d0ad0c4b4c87
83168592,125.0,0,0,0,0,2203,224c2092-44e1-4b73-879c-d0ad0c4b4c87
84170583,125.0,0,0,0,0,2203,224c2092-44e1-4b73-879c-d0ad0c4b4c87
85171764,125.0,0,0,0,0,2203,224c2092-44e1-4b73-879c-d0ad0c4b4c87
86183491,125.0,0,0,0,0,2203,224c2092-44e1-4b73-879c-d0ad0c4b4c87
87200863,125.0,0,0,0,0,2203,224c2092-44e1-4b73-879c-d0ad0c4b4c87
88217001,125.0,0,0,0,0,2203,224c2092-44e1-4b73-879c-d0ad0c4b4c87
89223491,125.0,0,0,0,0,2203,224c2092-44e1-4b73-879c-d0ad0c4b4c87
90228187,125.0,0,0,0,0,2203,224c2092-44e1-4b73-879c-d0ad0c4b4c87
91241751,125.0,0,0,0,0,2203,224c2092-44e1-4b73-879c-d0ad0c4b4c87
92243249,125.0,0,0,0,0,2203,224c2092-44e1-4b73-879c-d0ad0c4b4c87
93261481,125.0,0,0,0,0,2203,224c2092-44e1-4b73-879c-d0ad0c4b4c87
94269832,125.0,0,0,0,0,2203,224c2092-44e1-4b73-879c-d0ad0c4b4c87
95276332,125.0,0,0,0,0,2203,224c2092-44e1-4b73-879c-d0ad0c4b4c87
96294503,125.0,0,0,0,0,2203,224c2092-44e1-4b73-879c-d0ad0c4b4c87
97303231,125.0,0,0,0,0,2203,224c2092-44e1-4b73-879c-d0ad0c4b4c87
98322492,125.0,0,0,0,0,2203,224c2092-44e1-4b73-879c-d0ad0c4b4c87
99335048,125.0,0,0,0,0,2203,224c2092-44e1-4b73-879c-d0ad0c4b4c87
100343322,125.0,0,0,0,0,2203,224c2092-44e1-4b73-879c-d0ad0c4b4c87
101347486,125.0,0,0,0,0,2203,224c2092-44e1-4b73-879c-d0ad0c4b4c87
102362652,125.0,0,0,0,0,2203,224c2092-44e1-4b73-879c-d0ad0c4b4c87
103364309,125.0,0,0,0,0,2203,224c2092-44e1-4b73-879c-d0ad0c4b4c87
104365654,125.0,0,0,0,0,2203,224c2092-44e1-4b73-879c-d0ad0c4b4c87
105373115,125.0,0,0,0,0,2203,224c2092-44e1-4b73-879c-d0ad0c4b4c87
106380633,125.0,0,0,0,0,2203,224c2092-44e1-4b73-879c-d0ad0c4b4c87
107388858,125.0,0,0,0,0,2203,224c2092-44e1-4b73-879c-d0ad0c4b4c87
108403492,125.0,0,0,0,0,2203,224c2092-44e1-4b73-879c-d0ad0c4b4c87
109405659,125.0,0,0,0,0,2203,224c2092-44e1-4b73-879c-d0ad0c4b4c87
110421011,125.0,0,0,0,0,2203,224c2092-44e1-4b73-879c-d0ad0c4b4c87
111421595,125.0,0,0,0,0,2203,224c2092-44e1-4b73-879c-d0ad0c4b4c87
112438523,125.0,0,0,0,0,2203,224c2092-44e1-4b73-879c-d0ad0c4b4c87
113446683,125.0,0,0,0,0,2203,224c2092-44e1-4b73-879c-d0ad0c4b4c87
114469020,125.0,0,0,0,0,2203,224c2092-44e1-4b73-879c-d0ad0c4b4c87
115474360,125.0,0,0,0,0,2203,224c2092-44e1-4b73-879c-d0ad0c4b4c87
116493479,125.0,0,0,0,0,2203,224c2092-44e1-4b73-879c-d0ad0c4b4c87
117494479,125.0,0,0,0,0,2203,224c2092-44e1-4b73-879c-d0ad0c4b4c87
118496529,125.0,0,0,0,0,2203,224c2092-44e1-4b73-879c-d0ad0c4b4c87
119498529,125.0,0,0,0,0,2203,224c2092-44e1-4b73-879c-d0ad0c4b4c87
120507488,125.0,0,0,0,0,2203,224c2092-44e1-4b73-879c-d0ad0c4b4c87
121519479,125.0,0,0,0,0,2203,224c2092-44e1-4b73-879c-d0ad0c4b4c87
122526029,125.0,0,0,0,0,2203,224c2092-44e1-4b73-879c-d0ad0c4b4c87
123526209,125.0,0,0,0,0,2203,224c2092-44e1-4b73-879c-d0ad0c4b4c87
124531986,125.0,0,0,0,0,2203,224c2092-44e1-4b73-879c-d0ad0c4b4c87
125549690,125.0,0,0,0,0,2203,224c2092-44e1-4b73-879c-d0ad0c4b4c87
126559413,125.0,0,0,0,0,2203,224c2092-44e1-4b73-879c-d0ad0c4b4c87
127565479,125.0,0,0,0,0,2203,224c2092-44e1-4b73-879c-d0ad0c4b4c87
128583479,125.0,0,0,0,0,2203,224c2092-44e1-4b73-879c-d0ad0c4b4c87
129596110,125.0,0,0,0,0,2203,224c2092-44e1-4b73-879c-d0ad0c4b4c87
130603272,125.0,0,0,0,0,2203,224c2092-44e1-4b73-879c-d0ad0c4b4c87
131622479,125.0,0,0,0,0,2203,224c2092-44e1-4b73-879c-d0ad0c4b4c87
132628036,125.0,0,0,0,0,2203,224c2092-44e1-4b73-879c-d0ad0c4b4c87
133640554,125.0,0,0,0,0,2203,224c2092-44e1-4b73-879c-d0ad0c4b4c87
134658388,125.0,0,0,0,0,2203,224c2092-44e1-4b73-879c-d0ad0c4b4c87
135666442,125.0,0,0,0,0,2203,224c2092-44e1-4b73-879c-d0ad0c4b4c87
136671276,125.0,0,0,0,0,2203,224c2092-44e1-4b73-879c-d0ad0c4b4c87
137692116,125.0,0,0,0,0,2203,224c2092-44e1-4b73-879c-d0ad0c4b4c87
138710627,125.0,0,0,0,0,2203,224c2092-44e1-4b73-879c-d0ad0c4b4c87
139723147,125.0,0,0,0,0,2203,224c2092-44e1-4b73-879c-d0ad0c4b4c87
140735505,125.0,0,0,0,0,2203,224c2092-44e1-4b73-879c-d0ad0c4b4c87
141737560,125.0,0,0,0,0,2203,224c2092-44e1-4b73-879c-d0ad0c4b4c87
142739503,125.0,0,0,0,0,2203,224c2092-44e1-4b73-879c-d0ad0c4b4c87
143755936,125.0,0,0,0,0,2203,224c2092-44e1-4b73-879c-d0ad0c4b4c87
144765214,125.0,0,0,0,0,2203,224c2092-44e1-4b73-879c-d0ad0c4b4c87
145776567,125.0,0,0,0,0,2203,224c2092-44e1-4b73-879c-d0ad0c4b4c87
146788006,125.0,0,0,0,0,2203,224c2092-44e1-4b73-879c-d0ad0c4b4c87
147789605,125.0,0,0,0,0,2203,224c2092-44e1-4b73-879c-d0ad0c4b4c87
148800599,125.0,0,0,0,0,2203,224c2092-44e1-4b73-879c-d0ad0c4b4c87
149805420,125.0,0,0,0,0,2203,224c2092-44e1-4b73-879c-d0ad0c4b4c87
150810492,125.0,0,0,0,0,2203,224c2092-44e1-4b73-879c-d0ad0c4b4c87
151813559,125.0,0,0,0,0,2203,224c2092-44e1-4b73-879c-d0ad0c4b4c87
152815479,125.0,0,0,0,0,2203,224c2092-44e1-4b73-879c-d0ad0c4b4c87
153832545,125.0,0,0,0,0,2203,224c2092-44e1-4b73-879c-d0ad0c4b4c87
154837520,125.0,0,0,0,0,2203,224c2092-44e1-4b73-879c-d0ad0c4b4c87
155841811,125.0,0,0,0,0,2203,224c2092-44e1-4b73-879c-d0ad0c4b4c87
156858417,125.0,0,0,0,0,2203,224c2092-44e1-4b73-879c-d0ad0c4b4c87
157869557,125.0,0,0,0,0,2203,224c2092-44e1-4b73-879c-d0ad0c4b4c87
158883111,125.0,0,0,0,0,2203,224c2092-44e1-4b73-879c-d0ad0c4b4c87
159894495,125.0,0,0,0,0,2203,224c2092-44e1-4b73-879c-d0ad0c4b4c87
160917421,125.0,0,0,0,0,2203,224c2092-44e1-4b73-879c-d0ad0c4b4c87
161917723,125.0,0,0,0,0,2203,224c2092-44e1-4b73-879c-d0ad0c4b4c87
162932199,125.0,0,0,0,0,2203,224c2092-44e1-4b73-879c-d0ad0c4b4c87
163934492,125.0,0,0,0,0,2203,224c2092-44e1-4b73-879c-d0ad0c4b4c87
164935041,125.0,0,0,0,0,2203,224c2092-44e1-4b73-879c-d0ad0c4b4c87
165938479,125.0,0,0,0,0,2203,224c2092-44e1-4b73-879c-d0ad0c4b4c87
166946504,125.0,0,0,0,0,2203,224c2092-44e1-4b73-879c-d0ad0c4b4c87
167949505,125.0,0,0,0,0,2203,224c2092-44e1-4b73-879c-d0ad0c4b4c87
168965481,125.0,0,0,0,0,2203,224c2092-44e1-4b73-879c-d0ad0c4b4c87
169970483,125.0,0,0,0,0,2203,224c2092-44e1-4b73-879c-d0ad0c4b4c87
170991323,125.0,0,0,0,0,2203,224c2092-44e1-4b73-879c-d0ad0c4b4c87
171995491,125.0,0,0,0,0,2203,224c2092-44e1-4b73-879c-d0ad0c4b4c87
173010481,125.0,0,0,0,0,2203,224c2092-44e1-4b73-879c-d0ad0c4b4c87
174021483,125.0,0,0,0,0,2203,224c2092-44e1-4b73-879c-d0ad0c4b4c87
175041770,125.0,0,0,0,0,2203,224c2092-44e1-4b73-879c-d0ad0c4b4c87
176044565,125.0,0,0,0,0,2203,224c2092-44e1-4b73-879c-d0ad0c4b4c87
177045495,125.0,0,0,0,0,2203,224c2092-44e1-4b73-879c-d0ad0c4b4c87
178050707,125.0,0,0,0,0,2203,224c2092-44e1-4b73-879c-d0ad0c4b4c87
179051288,125.0,0,0,0,0,2203,224c2092-44e1-4b73-879c-d0ad0c4b4c87
180054925,125.0,0,0,0,0,2203,224c2092-44e1-4b73-879c-d0ad0c4b4c87
181067491,125.0,0,0,0,0,2203,224c2092-44e1-4b73-879c-d0ad0c4b4c87
182077367,125.0,0,0,0,0,2203,224c2092-44e1-4b73-879c-d0ad0c4b4c87
183092791,125.0,0,0,0,0,2203,224c2092-44e1-4b73-879c-d0ad0c4b4c87
184112596,125.0,0,0,0,0,2203,224c2092-44e1-4b73-879c-d0ad0c4b4c87
185133687,125.0,0,0,0,0,2203,224c2092-44e1-4b73-879c-d0ad0c4b4c87
186139333,125.0,0,0,0,0,2203,224c2092-44e1-4b73-879c-d0ad0c4b4c87
187154299,125.0,0,0,0,0,2203,224c2092-44e1-4b73-879c-d0ad0c4b4c87
188158518,125.0,0,0,0,0,2203,224c2092-44e1-4b73-879c-d0ad0c4b4c87
189172604,125.0,0,0,0,0,2203,224c2092-44e1-4b73-879c-d0ad0c4b4c87
190182521,125.0,0,0,0,0,2203,224c2092-44e1-4b73-879c-d0ad0c4b4c87
191198665,125.0,0,0,0,0,2203,224c2092-44e1-4b73-879c-d0ad0c4b4c87
192200816,125.0,0,0,0,0,2203,224c2092-44e1-4b73-879c-d0ad0c4b4c87
193203524,125.0,0,0,0,0,2203,224c2092-44e1-4b73-879c-d0ad0c4b4c87
194226324,125.0,0,0,0,0,2203,224c2092-44e1-4b73-879c-d0ad0c4b4c87
195236566,125.0,0,0,0,0,2203,224c2092-44e1-4b73-879c-d0ad0c4b4c87
196249535,125.0,0,0,0,0,2203,224c2092-44e1-4b73-879c-d0ad0c4b4c87
197262671,125.0,0,0,0,0,2203,224c2092-44e1-4b73-879c-d0ad0c4b4c87
198277491,125.0,0,0,0,0,2203,224c2092-44e1-4b73-879c-d0ad0c4b4c87
199285899,125.0,0,0,0,0,2203,224c2092-44e1-4b73-879c-d0ad0c4b4c87
200303880,125.0,0,0,0,0,2203,224c2092-44e1-4b73-879c-d0ad0c4b4c87
201325545,125.0,0,0,0,0,2203,224c2092-44e1-4b73-879c-d0ad0c4b4c87
202339235,125.0,0,0,0,0,2203,224c2092-44e1-4b73-879c-d0ad0c4b4c87
203344649,125.0,0,0,0,0,2203,224c2092-44e1-4b73-879c-d0ad0c4b4c87
204346950,125.0,0,0,0,0,2203,224c2092-44e1-4b73-879c-d0ad0c4b4c87
205352750,125.0,0,0,0,0,2203,224c2092-44e1-4b73-879c-d0ad0c4b4c87
206374297,125.0,0,0,0,0,2203,224c2092-44e1-4b73-879c-d0ad0c4b4c87
207384044,125.0,0,0,0,0,2203,224c2092-44e1-4b73-879c-d0ad0c4b4c87
208389894,125.0,0,0,0,0,2203,224c2092-44e1-4b73-879c-d0ad0c4b4c87
209405518,125.0,0,0,0,0,2203,224c2092-44e1-4b73-879c-d0ad0c4b4c87
210427983,125.0,0,0,0,0,2203,224c2092-44e1-4b73-879c-d0ad0c4b4c87
211433417,125.0,0,0,0,0,2203,224c2092-44e1-4b73-879c-d0ad0c4b4c87
212442196,125.0,0,0,0,0,2203,224c2092-44e1-4b73-879c-d0ad0c4b4c87
213446657,125.0,0,0,0,0,2203,224c2092-44e1-4b73-879c-d0ad0c4b4c87
214455729,125.0,0,0,0,0,2203,224c2092-44e1-4b73-879c-d0ad0c4b4c87
215467483,125.0,0,0,0,0,2203,224c2092-44e1-4b73-879c-d0ad0c4b4c87
216484601,125.0,0,0,0,0,2203,224c2092-44e1-4b73-879c-d0ad0c4b4c87
217492554,125.0,0,0,0,0,2203,224c2092-44e1-4b73-879c-d0ad0c4b4c87
218509888,125.0,0,0,0,0,2203,224c2092-44e1-4b73-879c-d0ad0c4b4c87
219511918,125.0,0,0,0,0,2203,224c2092-44e1-4b73-879c-d0ad0c4b4c87
220521590,125.0,0,0,0,0,2203,224c2092-44e1-4b73-879c-d0ad0c4b4c87
221543842,125.0,0,0,0,0,2203,224c2092-44e1-4b73-879c-d0ad0c4b4c87
222545453,125.0,0,0,0,0,2203,224c2092-44e1-4b73-879c-d0ad0c4b4c87
223563110,125.0,0,0,0,0,2203,224c2092-44e1-4b73-879c-d0ad0c4b4c87
224572637,125.0,0,0,0,0,2203,224c2092-44e1-4b73-879c-d0ad0c4b4c87
225587489,125.0,0,0,0,0,2203,224c2092-44e1-4b73-879c-d0ad0c4b4c87
226607787,125.0,0,0,0,0,2203,224c2092-44e1-4b73-879c-d0ad0c4b4c87
227617895,125.0,0,0,0,0,2203,224c2092-44e1-4b73-879c-d0ad0c4b4c87
228622877,125.0,0,0,0,0,2203,224c2092-44e1-4b73-879c-d0ad0c4b4c87
229640642,125.0,0,0,0,0,2203,224c2092-44e1-4b73-879c-d0ad0c4b4c87
230646629,125.0,0,0,0,0,2203,224c2092-44e1-4b73-879c-d0ad0c4b4c87
231646714,125.0,0,0,0,0,2203,224c2092-44e1-4b73-879c-d0ad0c4b4c87
232659738,125.0,0,0,0,0,2203,224c2092-44e1-4b73-879c-d0ad0c4b4c87
233667445,125.0,0,0,0,0,2203,224c2092-44e1-4b73-879c-d0ad0c4b4c87
234686532,125.0,0,0,0,0,2203,224c2092-44e1-4b73-879c-d0ad0c4b4c87
235695521,125.0,0,0,0,0,2203,224c2092-44e1-4b73-879c-d0ad0c4b4c87
236702479,125.0,0,0,0,0,2203,224c2092-44e1-4b73-879c-d0ad0c4b4c87
237703116,125.0,0,0,0,0,2203,224c2092-44e1-4b73-879c-d0ad0c4b4c87
238704413,125.0,0,0,0,0,2203,224c2092-44e1-4b73-879c-d0ad0c4b4c87
239728073,125.0,0,0,0,0,2203,224c2092-44e1-4b73-879c-d0ad0c4b4c87
240740563,125.0,0,0,0,0,2203,224c2092-44e1-4b73-879c-d0ad0c4b4c87
241742479,125.0,0,0,0,0,2203,224c2092-44e1-4b73-879c-d0ad0c4b4c87
242747933,125.0,0,0,0,0,2203,224c2092-44e1-4b73-879c-d0ad0c4b4c87
243753376,125.0,0,0,0,0,2203,224c2092-44e1-4b73-879c-d0ad0c4b4c87
244762520,125.0,0,0,0,0,2203,224c2092-44e1-4b73-879c-d0ad0c4b4c87
245766943,125.0,0,0,0,0,2203,224c2092-44e1-4b73-879c-d0ad0c4b4c87
246786479,125.0,0,0,0,0,2203,224c2092-44e1-4b73-879c-d0ad0c4b4c87
247805556,125.0,0,0,0,0,2203,224c2092-44e1-4b73-879c-d0ad0c4b4c87
248810476,125.0,0,0,0,0,2203,224c2092-44e1-4b73-879c-d0ad0c4b4c87
249824564,125.0,0,0,0,0,2203,224c2092-44e1-4b73-879c-d0ad0c4b4c87
250829843,125.0,0,0,0,0,2203,224c2092-44e1-4b73-879c-d0ad0c4b4c87
251831453,125.0,0,0,0,0,2203,224c2092-44e1-4b73-879c-d0ad0c4b4c87
252853376,125.0,0,0,0,0,2203,224c2092-44e1-4b73-879c-d0ad0c4b4c87
253863494,125.0,0,0,0,0,2203,224c2092-44e1-4b73-879c-d0ad0c4b4c87
254876638,125.0,0,0,0,0,2203,224c2092-44e1-4b73-879c-d0ad0c4b4c87
255878479,125.0,0,0,0,0,2203,224c2092-44e1-4b73-879c-d0ad0c4b4c87
256885481,125.0,0,0,0,0,2203,224c2092-44e1-4b73-879c-d0ad0c4b4c87
257900545,125.0,0,0,0,0,2203,224c2092-44e1-4b73-879c-d0ad0c4b4c87
258914178,125.0,0,0,0,0,2203,224c2092-44e1-4b73-879c-d0ad0c4b4c87
259915145,125.0,0,0,0,0,2203,224c2092-44e1-4b73-879c-d0ad0c4b4c87
260925244,125.0,0,0,0,0,2203,224c2092-44e1-4b73-879c-d0ad0c4b4c87
261926481,125.0,0,0,0,0,2203,224c2092-44e1-4b73-879c-d0ad0c4b4c87
262936578,125.0,0,0,0,0,2203,224c2092-44e1-4b73-879c-d0ad0c4b4c87
263945579,125.0,0,0,0,0,2203,224c2092-44e1-4b73-879c-d0ad0c4b4c87
264962625,125.0,0,0,0,0,2203,224c2092-44e1-4b73-879c-d0ad0c4b4c87
265972214,125.0,0,0,0,0,2203,224c2092-44e1-4b73-879c-d0ad0c4b4c87
266974350,125.0,0,0,0,0,2203,224c2092-44e1-4b73-879c-d0ad0c4b4c87
267993823,125.0,0,0,0,0,2203,224c2092-44e1-4b73-879c-d0ad0c4b4c87
268997051,125.0,0,0,0,0,2203,224c2092-44e1-4b73-879c-d0ad0c4b4c87
269997719,125.0,0,0,0,0,2203,224c2092-44e1-4b73-879c-d0ad0c4b4c87
271008815,125.0,0,0,0,0,2203,224c2092-44e1-4b73-879c-d0ad0c4b4c87
272014480,125.0,0,0,0,0,2203,224c2092-44e1-4b73-879c-d0ad0c4b4c87
273014849,125.0,0,0,0,0,2203,224c2092-44e1-4b73-879c-d0ad0c4b4c87
274021480,125.0,0,0,0,0,2203,224c2092-44e1-4b73-879c-d0ad0c4b4c87
275026567,125.0,0,0,0,0,2203,224c2092-44e1-4b73-879c-d0ad0c4b4c87
276027516,125.0,0,0,0,0,2203,224c2092-44e1-4b73-879c-d0ad0c4b4c87
277032540,125.0,0,0,0,0,2203,224c2092-44e1-4b73-879c-d0ad0c4b4c87
278032666,125.0,0,0,0,0,2203,224c2092-44e1-4b73-879c-d0ad0c4b4c87
279038184,125.0,0,0,0,0,2203,224c2092-44e1-4b73-879c-d0ad0c4b4c87
280040684,125.0,0,0,0,0,2203,224c2092-44e1-4b73-879c-d0ad0c4b4c87
281041511,125.0,0,0,0,0,2203,224c2092-44e1-4b73-879c-d0ad0c4b4c87
282046958,125.0,0,0,0,0,2203,224c2092-44e1-4b73-879c-d0ad0c4b4c87
283061501,125.0,0,0,0,0,2203,224c2092-44e1-4b73-879c-d0ad0c4b4c87
284079432,125.0,0,0,0,0,2203,224c2092-44e1-4b73-879c-d0ad0c4b4c87
285082480,125.0,0,0,0,0,2203,224c2092-44e1-4b73-879c-d0ad0c4b4c87
286083490,125.0,0,0,0,0,2203,224c2092-44e1-4b73-879c-d0ad0c4b4c87
287086506,125.0,0,0,0,0,2203,224c2092-44e1-4b73-879c-d0ad0c4b4c87
288100195,125.0,0,0,0,0,2203,224c2092-44e1-4b73-879c-d0ad0c4b4c87
289112655,125.0,0,0,0,0,2203,224c2092-44e1-4b73-879c-d0ad0c4b4c87
290125491,125.0,0,0,0,0,2203,224c2092-44e1-4b73-879c-d0ad0c4b4c87
291131262,125.0,0,0,0,0,2203,224c2092-44e1-4b73-879c-d0ad0c4b4c87
292152759,125.0,0,0,0,0,2203,224c2092-44e1-4b73-879c-d0ad0c4b4c87
293154498,125.0,0,0,0,0,2203,224c2092-44e1-4b73-879c-d0ad0c4b4c87
294162578,125.0,0,0,0,0,2203,224c2092-44e1-4b73-879c-d0ad0c4b4c87
295183474,125.0,0,0,0,0,2203,224c2092-44e1-4b73-879c-d0ad0c4b4c87
296197021,125.0,0,0,0,0,2203,224c2092-44e1-4b73-879c-d0ad0c4b4c87
297210521,125.0,0,0,0,0,2203,224c2092-44e1-4b73-879c-d0ad0c4b4c87
298230521,125.0,0,0,0,0,2203,224c2092-44e1-4b73-879c-d0ad0c4b4c87
299230582,125.0,0,0,0,0,2203,224c2092-44e1-4b73-879c-d0ad0c4b4c87
300250479,125.0,0,0,0,0,2203,224c2092-44e1-4b73-879c-d0ad0c4b4c87
301258379,125.0,0,0,0,0,2203,224c2092-44e1-4b73-879c-d0ad0c4b4c87
302263382,125.0,0,0,0,0,2203,224c2092-44e1-4b73-879c-d0ad0c4b4c87
303263477,125.0,0,0,0,0,2203,224c2092-44e1-4b73-879c-d0ad0c4b4c87
304278490,125.0,0,0,0,0,2203,224c2092-44e1-4b73-879c-d0ad0c4b4c87
305289483,125.0,0,0,0,0,2203,224c2092-44e1-4b73-879c-d0ad0c4b4c87
306295483,125.0,0,0,0,0,2203,224c2092-44e1-4b73-879c-d0ad0c4b4c87
307302288,125.0,0,0,0,0,2203,224c2092-44e1-4b73-879c-d0ad0c4b4c87
308321620,125.0,0,0,0,0,2203,224c2092-44e1-4b73-879c-d0ad0c4b4c87
309326611,125.0,0,0,0,0,2203,224c2092-44e1-4b73-879c-d0ad0c4b4c87
310330490,125.0,0,0,0,0,2203,224c2092-44e1-4b73-879c-d0ad0c4b4c87
311339771,125.0,0,0,0,0,2203,224c2092-44e1-4b73-879c-d0ad0c4b4c87
312340716,125.0,0,0,0,0,2203,224c2092-44e1-4b73-879c-d0ad0c4b4c87
313350653,125.0,0,0,0,0,2203,224c2092-44e1-4b73-879c-d0ad0c4b4c87
314359479,125.0,0,0,0,0,2203,224c2092-44e1-4b73-879c-d0ad0c4b4c87
315379850,125.0,0,0,0,0,2203,224c2092-44e1-4b73-879c-d0ad0c4b4c87
316391496,125.0,0,0,0,0,2203,224c2092-44e1-4b73-879c-d0ad0c4b4c87
317404817,125.0,0,0,0,0,2203,224c2092-44e1-4b73-879c-d0ad0c4b4c87
318409488,125.0,0,0,0,0,2203,224c2092-44e1-4b73-879c-d0ad0c4b4c87
319413801,125.0,0,0,0,0,2203,224c2092-44e1-4b73-879c-d0ad0c4b4c87
320415284,125.0,0,0,0,0,2203,224c2092-44e1-4b73-879c-d0ad0c4b4c87
321426621,125.0,0,0,0,0,2203,224c2092-44e1-4b73-879c-d0ad0c4b4c87
322432713,125.0,0,0,0,0,2203,224c2092-44e1-4b73-879c-d0ad0c4b4c87
323439492,125.0,0,0,0,0,2203,224c2092-44e1-4b73-879c-d0ad0c4b4c87
324444245,125.0,0,0,0,0,2203,224c2092-44e1-4b73-879c-d0ad0c4b4c87
325462538,125.0,0,0,0,0,2203,224c2092-44e1-4b73-879c-d0ad0c4b4c87
326463491,125.0,0,0,0,0,2203,224c2092-44e1-4b73-879c-d0ad0c4b4c87
327471832,125.0,0,0,0,0,2203,224c2092-44e1-4b73-879c-d0ad0c4b4c87
328489654,125.0,0,0,0,0,2203,224c2092-44e1-4b73-879c-d0ad0c4b4c87
329506844,125.0,0,0,0,0,2203,224c2092-44e1-4b73-879c-d0ad0c4b4c87
330516532,125.0,0,0,0,0,2203,224c2092-44e1-4b73-879c-d0ad0c4b4c87
331534498,125.0,0,0,0,0,2203,224c2092-44e1-4b73-879c-d0ad0c4b4c87
332537479,125.0,0,0,0,0,2203,224c2092-44e1-4b73-879c-d0ad0c4b4c87
333539486,125.0,0,0,0,0,2203,224c2092-44e1-4b73-879c-d0ad0c4b4c87
334546493,125.0,0,0,0,0,2203,224c2092-44e1-4b73-879c-d0ad0c4b4c87
335559348,125.0,0,0,0,0,2203,224c2092-44e1-4b73-879c-d0ad0c4b4c87
336575489,125.0,0,0,0,0,2203,224c2092-44e1-4b73-879c-d0ad0c4b4c87
337584663,125.0,0,0,0,0,2203,224c2092-44e1-4b73-879c-d0ad0c4b4c87
338592610,125.0,0,0,0,0,2203,224c2092-44e1-4b73-879c-d0ad0c4b4c87
339594500,125.0,0,0,0,0,2203,224c2092-44e1-4b73-879c-d0ad0c4b4c87
340596051,125.0,0,0,0,0,2203,224c2092-44e1-4b73-879c-d0ad0c4b4c87
341614709,125.0,0,0,0,0,2203,224c2092-44e1-4b73-879c-d0ad0c4b4c87
342629645,125.0,0,0,0,0,2203,224c2092-44e1-4b73-879c-d0ad0c4b4c87
343645479,125.0,0,0,0,0,2203,224c2092-44e1-4b73-879c-d0ad0c4b4c87
344651522,125.0,0,0,0,0,2203,224c2092-44e1-4b73-879c-d0ad0c4b4c87
345672797,125.0,0,0,0,0,2203,224c2092-44e1-4b73-879c-d0ad0c4b4c87
346688768,125.0,0,0,0,0,2203,224c2092-44e1-4b73-879c-d0ad0c4b4c87
347709561,125.0,0,0,0,0,2203,224c2092-44e1-4b73-879c-d0ad0c4b4c87
348712534,125.0,0,0,0,0,2203,224c2092-44e1-4b73-879c-d0ad0c4b4c87
350718480,125.0,0,0,0,0,2203,224c2092-44e1-4b73-879c-d0ad0c4b4c87
351719458,125.0,0,0,0,0,2203,224c2092-44e1-4b73-879c-d0ad0c4b4c87
352730480,125.0,0,0,0,0,2203,224c2092-44e1-4b73-879c-d0ad0c4b4c87
353749848,125.0,0,0,0,0,2203,224c2092-44e1-4b73-879c-d0ad0c4b4c87
354754240,125.0,0,0,0,0,2203,224c2092-44e1-4b73-879c-d0ad0c4b4c87
355763910,125.0,0,0,0,0,2203,224c2092-44e1-4b73-879c-d0ad0c4b4c87
356773523,125.0,0,0,0,0,2203,224c2092-44e1-4b73-879c-d0ad0c4b4c87
357774697,125.0,0,0,0,0,2203,224c2092-44e1-4b73-879c-d0ad0c4b4c87
358780571,125.0,0,0,0,0,2203,224c2092-44e1-4b73-879c-d0ad0c4b4c87
359786479,125.0,0,0,0,0,2203,224c2092-44e1-4b73-879c-d0ad0c4b4c87
360805757,125.0,0,0,0,0,2203,224c2092-44e1-4b73-879c-d0ad0c4b4c87
361808554,125.0,0,0,0,0,2203,224c2092-44e1-4b73-879c-d0ad0c4b4c87
362810485,125.0,0,0,0,0,2203,224c2092-44e1-4b73-879c-d0ad0c4b4c87
363811031,125.0,0,0,0,0,2203,224c2092-44e1-4b73-879c-d0ad0c4b4c87
364817480,125.0,0,0,0,0,2203,224c2092-44e1-4b73-879c-d0ad0c4b4c87
365833481,125.0,0,0,0,0,2203,224c2092-44e1-4b73-879c-d0ad0c4b4c87
366836855,125.0,0,0,0,0,2203,224c2092-44e1-4b73-879c-d0ad0c4b4c87
367840149,125.0,0,0,0,0,2203,224c2092-44e1-4b73-879c-d0ad0c4b4c87
368851487,125.0,0,0,0,0,2203,224c2092-44e1-4b73-879c-d0ad0c4b4c87
369851491,125.0,0,0,0,0,2203,224c2092-44e1-4b73-879c-d0ad0c4b4c87
370863032,125.0,0,0,0,0,2203,224c2092-44e1-4b73-879c-d0ad0c4b4c87
371870528,125.0,0,0,0,0,2203,224c2092-44e1-4b73-879c-d0ad0c4b4c87
372884829,125.0,0,0,0,0,2203,224c2092-44e1-4b73-879c-d0ad0c4b4c87
373894549,125.0,0,0,0,0,2203,224c2092-44e1-4b73-879c-d0ad0c4b4c87
374909174,125.0,0,0,0,0,2203,224c2092-44e1-4b73-879c-d0ad0c4b4c87
375914550,125.0,0,0,0,0,2203,224c2092-44e1-4b73-879c-d0ad0c4b4c87
376932100,125.0,0,0,0,0,2203,224c2092-44e1-4b73-879c-d0ad0c4b4c87
377944569,125.0,0,0,0,0,2203,224c2092-44e1-4b73-879c-d0ad0c4b4c87
378948139,125.0,0,0,0,0,2203,224c2092-44e1-4b73-879c-d0ad0c4b4c87
379951492,125.0,0,0,0,0,2203,224c2092-44e1-4b73-879c-d0ad0c4b4c87
380959311,125.0,0,0,0,0,2203,224c2092-44e1-4b73-879c-d0ad0c4b4c87
381964051,125.0,0,0,0,0,2203,224c2092-44e1-4b73-879c-d0ad0c4b4c87
382978481,125.0,0,0,0,0,2203,224c2092-44e1-4b73-879c-d0ad0c4b4c87
383983281,125.0,0,0,0,0,2203,224c2092-44e1-4b73-879c-d0ad0c4b4c87
384987491,125.0,0,0,0,0,2203,224c2092-44e1-4b73-879c-d0ad0c4b4c87
385992213,125.0,0,0,0,0,2203,224c2092-44e1-4b73-879c-d0ad0c4b4c87
387007925,125.0,0,0,0,0,2203,224c2092-44e1-4b73-879c-d0ad0c4b4c87
388017556,125.0,0,0,0,0,2203,224c2092-44e1-4b73-879c-d0ad0c4b4c87
389027518,125.0,0,0,0,0,2203,224c2092-44e1-4b73-879c-d0ad0c4b4c87
390046528,125.0,0,0,0,0,2203,224c2092-44e1-4b73-879c-d0ad0c4b4c87
391057665,125.0,0,0,0,0,2203,224c2092-44e1-4b73-879c-d0ad0c4b4c87
392076042,125.0,0,0,0,0,2203,224c2092-44e1-4b73-879c-d0ad0c4b4c87
393095134,125.0,0,0,0,0,2203,224c2092-44e1-4b73-879c-d0ad0c4b4c87
394102478,125.0,0,0,0,0,2203,224c2092-44e1-4b73-879c-d0ad0c4b4c87
395118506,125.0,0,0,0,0,2203,224c2092-44e1-4b73-879c-d0ad0c4b4c87
396122554,125.0,0,0,0,0,2203,224c2092-44e1-4b73-879c-d0ad0c4b4c87
397128604,125.0,0,0,0,0,2203,224c2092-44e1-4b73-879c-d0ad0c4b4c87
398144666,125.0,0,0,0,0,2203,224c2092-44e1-4b73-879c-d0ad0c4b4c87
399145480,125.0,0,0,0,0,2203,224c2092-44e1-4b73-879c-d0ad0c4b4c87
400145548,125.0,0,0,0,0,2203,224c2092-44e1-4b73-879c-d0ad0c4b4c87
401164574,125.0,0,0,0,0,2203,224c2092-44e1-4b73-879c-d0ad0c4b4c87
402164691,125.0,0,0,0,0,2203,224c2092-44e1-4b73-879c-d0ad0c4b4c87
403175214,125.0,0,0,0,0,2203,224c2092-44e1-4b73-879c-d0ad0c4b4c87
404188939,125.0,0,0,0,0,2203,224c2092-44e1-4b73-879c-d0ad0c4b4c87
405198737,125.0,0,0,0,0,2203,224c2092-44e1-4b73-879c-d0ad0c4b4c87
406202288,125.0,0,0,0,0,2203,224c2092-44e1-4b73-879c-d0ad0c4b4c87
407209728,125.0,0,0,0,0,2203,224c2092-44e1-4b73-879c-d0ad0c4b4c87
408211497,125.0,0,0,0,0,2203,224c2092-44e1-4b73-879c-d0ad0c4b4c87
409219479,125.0,0,0,0,0,2203,224c2092-44e1-4b73-879c-d0ad0c4b4c87
410225480,125.0,0,0,0,0,2203,224c2092-44e1-4b73-879c-d0ad0c4b4c87
411230509,125.0,0,0,0,0,2203,224c2092-44e1-4b73-879c-d0ad0c4b4c87
412233502,125.0,0,0,0,0,2203,224c2092-44e1-4b73-879c-d0ad0c4b4c87
413252827,125.0,0,0,0,0,2203,224c2092-44e1-4b73-879c-d0ad0c4b4c87
414260601,125.0,0,0,0,0,2203,224c2092-44e1-4b73-879c-d0ad0c4b4c87
415270497,125.0,0,0,0,0,2203,224c2092-44e1-4b73-879c-d0ad0c4b4c87
416289482,125.0,0,0,0,0,2203,224c2092-44e1-4b73-879c-d0ad0c4b4c87
417294337,125.0,0,0,0,0,2203,224c2092-44e1-4b73-879c-d0ad0c4b4c87
418301488,125.0,0,0,0,0,2203,224c2092-44e1-4b73-879c-d0ad0c4b4c87
419301656,125.0,0,0,0,0,2203,224c2092-44e1-4b73-879c-d0ad0c4b4c87
420303265,125.0,0,0,0,0,2203,224c2092-44e1-4b73-879c-d0ad0c4b4c87
421309435,125.0,0,0,0,0,2203,224c2092-44e1-4b73-879c-d0ad0c4b4c87
422320556,125.0,0,0,0,0,2203,224c2092-44e1-4b73-879c-d0ad0c4b4c87
423330295,125.0,0,0,0,0,2203,224c2092-44e1-4b73-879c-d0ad0c4b4c87
424343763,125.0,0,0,0,0,2203,224c2092-44e1-4b73-879c-d0ad0c4b4c87
425361655,125.0,0,0,0,0,2203,224c2092-44e1-4b73-879c-d0ad0c4b4c87
426363519,125.0,0,0,0,0,2203,224c2092-44e1-4b73-879c-d0ad0c4b4c87
427364140,125.0,0,0,0,0,2203,224c2092-44e1-4b73-879c-d0ad0c4b4c87
428382494,125.0,0,0,0,0,2203,224c2092-44e1-4b73-879c-d0ad0c4b4c87
429385468,125.0,0,0,0,0,2203,224c2092-44e1-4b73-879c-d0ad0c4b4c87
430388734,125.0,0,0,0,0,2203,224c2092-44e1-4b73-879c-d0ad0c4b4c87
431075618,125.0,0,0,1,0,2203,224c2092-44e1-4b73-879c-d0ad0c4b4c87
431136563,125.0,0,0,0,0,2203,224c2092-44e1-4b73-879c-d0ad0c4b4c87
431952852,125.0,0,0,1,0,2203,224c2092-44e1-4b73-879c-d0ad0c4b4c87
432244024,125.0,0,0,0,1,2203,224c2092-44e1-4b73-879c-d0ad0c4b4c87
432580143,125.0,1,0,0,0,2203,224c2092-44e1-4b73-879c-d0ad0c4b4c87
433597721,125.0,1,0,0,0,2203,224c2092-44e1-4b73-879c-d0ad0c4b4c87
434600640,125.0,1,0,0,0,2203,224c2092-44e1-4b73-879c-d0ad0c4b4c87
