timestamp,onboard_control_sensors_present,onboard_control_sensors_enabled,onboard_control_sensors_health,nav_state,arming_state,hil_state,failsafe,failsafe_reason,system_type,system_id,component_id,is_rotary_wing,is_vtol,vtol_fw_permanent_stab,in_transition_mode,in_transition_to_fw,rc_signal_lost,rc_input_mode,data_link_lost,high_latency_data_link_active,data_link_lost_counter,engine_failure,mission_failure,is_in_mavros_control,ever_in_mavros_control,basestation,flight_number
59200830,64,64,64,14,2,0,0,0,2,1,1,1,0,0,0,0,0,0,1,0,0,0,0,1,1,2203,224c2092-44e1-4b73-879c-d0ad0c4b4c87
59696681,64,64,64,14,2,0,0,0,2,1,1,1,0,0,0,0,0,0,1,0,0,0,0,1,1,2203,224c2092-44e1-4b73-879c-d0ad0c4b4c87
60705678,64,64,64,14,2,0,0,0,2,1,1,1,0,0,0,0,0,0,1,0,0,0,0,1,1,2203,224c2092-44e1-4b73-879c-d0ad0c4b4c87
61707517,64,64,64,14,2,0,0,0,2,1,1,1,0,0,0,0,0,0,1,0,0,0,0,1,1,2203,224c2092-44e1-4b73-879c-d0ad0c4b4c87
62716953,64,64,64,14,2,0,0,0,2,1,1,1,0,0,0,0,0,0,1,0,0,0,0,1,1,2203,224c2092-44e1-4b73-879c-d0ad0c4b4c87
63717776,64,64,64,14,2,0,0,0,2,1,1,1,0,0,0,0,0,0,1,0,0,0,0,1,1,2203,224c2092-44e1-4b73-879c-d0ad0c4b4c87
64719883,64,64,64,14,2,0,0,0,2,1,1,1,0,0,0,0,0,0,1,0,0,0,0,1,1,2203,224c2092-44e1-4b73-879c-d0ad0c4b4c87
65697015,64,64,64,17,2,0,0,0,2,1,1,1,0,0,0,0,0,0,1,0,0,0,0,1,1,2203,224c2092-44e1-4b73-879c-d0ad0c4b4c87
66193062,64,64,64,17,2,0,0,0,2,1,1,1,0,0,0,0,0,0,1,0,0,0,0,1,1,2203,224c2092-44e1-4b73-879c-d0ad0c4b4c87
66696848,64,64,64,17,2,0,0,0,2,1,1,1,0,0,0,0,0,0,1,0,0,0,0,1,1,2203,224c2092-44e1-4b73-879c-d0ad0c4b4c87
67702593,64,64,64,17,2,0,0,0,2,1,1,1,0,0,0,0,0,0,1,0,0,0,0,1,1,2203,224c2092-44e1-4b73-879c-d0ad0c4b4c87
68714234,64,64,64,17,2,0,0,0,2,1,1,1,0,0,0,0,0,0,1,0,0,0,0,1,1,2203,224c2092-44e1-4b73-879c-d0ad0c4b4c87
69051825,64,64,64,17,2,0,0,0,2,1,1,1,0,0,0,0,0,0,1,0,0,0,0,1,1,2203,224c2092-44e1-4b73-879c-d0ad0c4b4c87
70052721,64,64,64,17,2,0,0,0,2,1,1,1,0,0,0,0,0,0,1,0,0,0,0,1,1,2203,224c2092-44e1-4b73-879c-d0ad0c4b4c87
71057527,64,64,64,17,2,0,0,0,2,1,1,1,0,0,0,0,0,0,1,0,0,0,0,1,1,2203,224c2092-44e1-4b73-879c-d0ad0c4b4c87
72063129,64,64,64,17,2,0,0,0,2,1,1,1,0,0,0,0,0,0,1,0,0,0,0,1,1,2203,224c2092-44e1-4b73-879c-d0ad0c4b4c87
73065930,64,64,64,17,2,0,0,0,2,1,1,1,0,0,0,0,0,0,1,0,0,0,0,1,1,2203,224c2092-44e1-4b73-879c-d0ad0c4b4c87
74066565,64,64,64,17,2,0,0,0,2,1,1,1,0,0,0,0,0,0,1,0,0,0,0,1,1,2203,224c2092-44e1-4b73-879c-d0ad0c4b4c87
75076089,64,64,64,17,2,0,0,0,2,1,1,1,0,0,0,0,0,0,1,0,0,0,0,1,1,2203,224c2092-44e1-4b73-879c-d0ad0c4b4c87
75183475,64,64,64,4,2,0,0,0,2,1,1,1,0,0,0,0,0,0,1,0,0,0,0,1,1,2203,224c2092-44e1-4b73-879c-d0ad0c4b4c87
76189104,64,64,64,4,2,0,0,0,2,1,1,1,0,0,0,0,0,0,1,0,0,0,0,1,1,2203,224c2092-44e1-4b73-879c-d0ad0c4b4c87
76210587,64,64,64,3,2,0,0,0,2,1,1,1,0,0,0,0,0,0,1,0,0,0,0,1,1,2203,224c2092-44e1-4b73-879c-d0ad0c4b4c87
76245022,64,64,64,3,2,0,0,0,2,1,1,1,0,0,0,0,0,0,1,0,0,0,0,1,1,2203,224c2092-44e1-4b73-879c-d0ad0c4b4c87
76292632,64,64,64,3,2,0,0,0,2,1,1,1,0,0,0,0,0,0,1,0,0,0,0,1,1,2203,224c2092-44e1-4b73-879c-d0ad0c4b4c87
76680771,64,64,64,3,2,0,0,0,2,1,1,1,0,0,0,0,0,0,1,0,0,0,0,1,1,2203,224c2092-44e1-4b73-879c-d0ad0c4b4c87
77687051,64,64,64,3,2,0,0,0,2,1,1,1,0,0,0,0,0,0,1,0,0,0,0,1,1,2203,224c2092-44e1-4b73-879c-d0ad0c4b4c87
78696071,64,64,64,3,2,0,0,0,2,1,1,1,0,0,0,0,0,0,1,0,0,0,0,1,1,2203,224c2092-44e1-4b73-879c-d0ad0c4b4c87
79705906,64,64,64,3,2,0,0,0,2,1,1,1,0,0,0,0,0,0,1,0,0,0,0,1,1,2203,224c2092-44e1-4b73-879c-d0ad0c4b4c87
80715009,64,64,64,3,2,0,0,0,2,1,1,1,0,0,0,0,0,0,1,0,0,0,0,1,1,2203,224c2092-44e1-4b73-879c-d0ad0c4b4c87
81724125,64,64,64,3,2,0,0,0,2,1,1,1,0,0,0,0,0,0,1,0,0,0,0,1,1,2203,224c2092-44e1-4b73-879c-d0ad0c4b4c87
82728794,64,64,64,3,2,0,0,0,2,1,1,1,0,0,0,0,0,0,1,0,0,0,0,1,1,2203,224c2092-44e1-4b73-879c-d0ad0c4b4c87
83734296,64,64,64,3,2,0,0,0,2,1,1,1,0,0,0,0,0,0,1,0,0,0,0,1,1,2203,224c2092-44e1-4b73-879c-d0ad0c4b4c87
84739859,64,64,64,3,2,0,0,0,2,1,1,1,0,0,0,0,0,0,1,0,0,0,0,1,1,2203,224c2092-44e1-4b73-879c-d0ad0c4b4c87
85741549,64,64,64,3,2,0,0,0,2,1,1,1,0,0,0,0,0,0,1,0,0,0,0,1,1,2203,224c2092-44e1-4b73-879c-d0ad0c4b4c87
86744023,64,64,64,3,2,0,0,0,2,1,1,1,0,0,0,0,0,0,1,0,0,0,0,1,1,2203,224c2092-44e1-4b73-879c-d0ad0c4b4c87
87749668,64,64,64,3,2,0,0,0,2,1,1,1,0,0,0,0,0,0,1,0,0,0,0,1,1,2203,224c2092-44e1-4b73-879c-d0ad0c4b4c87
88755531,64,64,64,3,2,0,0,0,2,1,1,1,0,0,0,0,0,0,1,0,0,0,0,1,1,2203,224c2092-44e1-4b73-879c-d0ad0c4b4c87
89759773,64,64,64,3,2,0,0,0,2,1,1,1,0,0,0,0,0,0,1,0,0,0,0,1,1,2203,224c2092-44e1-4b73-879c-d0ad0c4b4c87
90765398,64,64,64,3,2,0,0,0,2,1,1,1,0,0,0,0,0,0,1,0,0,0,0,1,1,2203,224c2092-44e1-4b73-879c-d0ad0c4b4c87
91775361,64,64,64,3,2,0,0,0,2,1,1,1,0,0,0,0,0,0,1,0,0,0,0,1,1,2203,224c2092-44e1-4b73-879c-d0ad0c4b4c87
92784397,64,64,64,3,2,0,0,0,2,1,1,1,0,0,0,0,0,0,1,0,0,0,0,1,1,2203,224c2092-44e1-4b73-879c-d0ad0c4b4c87
93794981,64,64,64,3,2,0,0,0,2,1,1,1,0,0,0,0,0,0,1,0,0,0,0,1,1,2203,224c2092-44e1-4b73-879c-d0ad0c4b4c87
94799618,64,64,64,3,2,0,0,0,2,1,1,1,0,0,0,0,0,0,1,0,0,0,0,1,1,2203,224c2092-44e1-4b73-879c-d0ad0c4b4c87
95806231,64,64,64,3,2,0,0,0,2,1,1,1,0,0,0,0,0,0,1,0,0,0,0,1,1,2203,224c2092-44e1-4b73-879c-d0ad0c4b4c87
96816540,64,64,64,3,2,0,0,0,2,1,1,1,0,0,0,0,0,0,1,0,0,0,0,1,1,2203,224c2092-44e1-4b73-879c-d0ad0c4b4c87
97817794,64,64,64,3,2,0,0,0,2,1,1,1,0,0,0,0,0,0,1,0,0,0,0,1,1,2203,224c2092-44e1-4b73-879c-d0ad0c4b4c87
98822724,64,64,64,3,2,0,0,0,2,1,1,1,0,0,0,0,0,0,1,0,0,0,0,1,1,2203,224c2092-44e1-4b73-879c-d0ad0c4b4c87
99831857,64,64,64,3,2,0,0,0,2,1,1,1,0,0,0,0,0,0,1,0,0,0,0,1,1,2203,224c2092-44e1-4b73-879c-d0ad0c4b4c87
100842184,64,64,64,3,2,0,0,0,2,1,1,1,0,0,0,0,0,0,1,0,0,0,0,1,1,2203,224c2092-44e1-4b73-879c-d0ad0c4b4c87
101843544,64,64,64,3,2,0,0,0,2,1,1,1,0,0,0,0,0,0,1,0,0,0,0,1,1,2203,224c2092-44e1-4b73-879c-d0ad0c4b4c87
102849437,64,64,64,3,2,0,0,0,2,1,1,1,0,0,0,0,0,0,1,0,0,0,0,1,1,2203,224c2092-44e1-4b73-879c-d0ad0c4b4c87
103850670,64,64,64,3,2,0,0,0,2,1,1,1,0,0,0,0,0,0,1,0,0,0,0,1,1,2203,224c2092-44e1-4b73-879c-d0ad0c4b4c87
104852343,64,64,64,3,2,0,0,0,2,1,1,1,0,0,0,0,0,0,1,0,0,0,0,1,1,2203,224c2092-44e1-4b73-879c-d0ad0c4b4c87
105858013,64,64,64,3,2,0,0,0,2,1,1,1,0,0,0,0,0,0,1,0,0,0,0,1,1,2203,224c2092-44e1-4b73-879c-d0ad0c4b4c87
106868428,64,64,64,3,2,0,0,0,2,1,1,1,0,0,0,0,0,0,1,0,0,0,0,1,1,2203,224c2092-44e1-4b73-879c-d0ad0c4b4c87
107873415,64,64,64,3,2,0,0,0,2,1,1,1,0,0,0,0,0,0,1,0,0,0,0,1,1,2203,224c2092-44e1-4b73-879c-d0ad0c4b4c87
108873764,64,64,64,3,2,0,0,0,2,1,1,1,0,0,0,0,0,0,1,0,0,0,0,1,1,2203,224c2092-44e1-4b73-879c-d0ad0c4b4c87
109883484,64,64,64,3,2,0,0,0,2,1,1,1,0,0,0,0,0,0,1,0,0,0,0,1,1,2203,224c2092-44e1-4b73-879c-d0ad0c4b4c87
110885915,64,64,64,3,2,0,0,0,2,1,1,1,0,0,0,0,0,0,1,0,0,0,0,1,1,2203,224c2092-44e1-4b73-879c-d0ad0c4b4c87
111889603,64,64,64,3,2,0,0,0,2,1,1,1,0,0,0,0,0,0,1,0,0,0,0,1,1,2203,224c2092-44e1-4b73-879c-d0ad0c4b4c87
112895375,64,64,64,3,2,0,0,0,2,1,1,1,0,0,0,0,0,0,1,0,0,0,0,1,1,2203,224c2092-44e1-4b73-879c-d0ad0c4b4c87
113904806,64,64,64,3,2,0,0,0,2,1,1,1,0,0,0,0,0,0,1,0,0,0,0,1,1,2203,224c2092-44e1-4b73-879c-d0ad0c4b4c87
114910540,64,64,64,3,2,0,0,0,2,1,1,1,0,0,0,0,0,0,1,0,0,0,0,1,1,2203,224c2092-44e1-4b73-879c-d0ad0c4b4c87
115920685,64,64,64,3,2,0,0,0,2,1,1,1,0,0,0,0,0,0,1,0,0,0,0,1,1,2203,224c2092-44e1-4b73-879c-d0ad0c4b4c87
116925678,64,64,64,3,2,0,0,0,2,1,1,1,0,0,0,0,0,0,1,0,0,0,0,1,1,2203,224c2092-44e1-4b73-879c-d0ad0c4b4c87
117932177,64,64,64,3,2,0,0,0,2,1,1,1,0,0,0,0,0,0,1,0,0,0,0,1,1,2203,224c2092-44e1-4b73-879c-d0ad0c4b4c87
118937083,64,64,64,3,2,0,0,0,2,1,1,1,0,0,0,0,0,0,1,0,0,0,0,1,1,2203,224c2092-44e1-4b73-879c-d0ad0c4b4c87
119947494,64,64,64,3,2,0,0,0,2,1,1,1,0,0,0,0,0,0,1,0,0,0,0,1,1,2203,224c2092-44e1-4b73-879c-d0ad0c4b4c87
120952008,64,64,64,3,2,0,0,0,2,1,1,1,0,0,0,0,0,0,1,0,0,0,0,1,1,2203,224c2092-44e1-4b73-879c-d0ad0c4b4c87
121957101,64,64,64,3,2,0,0,0,2,1,1,1,0,0,0,0,0,0,1,0,0,0,0,1,1,2203,224c2092-44e1-4b73-879c-d0ad0c4b4c87
122962716,64,64,64,3,2,0,0,0,2,1,1,1,0,0,0,0,0,0,1,0,0,0,0,1,1,2203,224c2092-44e1-4b73-879c-d0ad0c4b4c87
123968190,64,64,64,3,2,0,0,0,2,1,1,1,0,0,0,0,0,0,1,0,0,0,0,1,1,2203,224c2092-44e1-4b73-879c-d0ad0c4b4c87
124973509,64,64,64,3,2,0,0,0,2,1,1,1,0,0,0,0,0,0,1,0,0,0,0,1,1,2203,224c2092-44e1-4b73-879c-d0ad0c4b4c87
125979116,64,64,64,3,2,0,0,0,2,1,1,1,0,0,0,0,0,0,1,0,0,0,0,1,1,2203,224c2092-44e1-4b73-879c-d0ad0c4b4c87
126985449,64,64,64,3,2,0,0,0,2,1,1,1,0,0,0,0,0,0,1,0,0,0,0,1,1,2203,224c2092-44e1-4b73-879c-d0ad0c4b4c87
127990332,64,64,64,3,2,0,0,0,2,1,1,1,0,0,0,0,0,0,1,0,0,0,0,1,1,2203,224c2092-44e1-4b73-879c-d0ad0c4b4c87
128999795,64,64,64,3,2,0,0,0,2,1,1,1,0,0,0,0,0,0,1,0,0,0,0,1,1,2203,224c2092-44e1-4b73-879c-d0ad0c4b4c87
130009780,64,64,64,3,2,0,0,0,2,1,1,1,0,0,0,0,0,0,1,0,0,0,0,1,1,2203,224c2092-44e1-4b73-879c-d0ad0c4b4c87
131011653,64,64,64,3,2,0,0,0,2,1,1,1,0,0,0,0,0,0,1,0,0,0,0,1,1,2203,224c2092-44e1-4b73-879c-d0ad0c4b4c87
132017070,64,64,64,3,2,0,0,0,2,1,1,1,0,0,0,0,0,0,1,0,0,0,0,1,1,2203,224c2092-44e1-4b73-879c-d0ad0c4b4c87
133026591,64,64,64,3,2,0,0,0,2,1,1,1,0,0,0,0,0,0,1,0,0,0,0,1,1,2203,224c2092-44e1-4b73-879c-d0ad0c4b4c87
134031905,64,64,64,3,2,0,0,0,2,1,1,1,0,0,0,0,0,0,1,0,0,0,0,1,1,2203,224c2092-44e1-4b73-879c-d0ad0c4b4c87
135034248,64,64,64,3,2,0,0,0,2,1,1,1,0,0,0,0,0,0,1,0,0,0,0,1,1,2203,224c2092-44e1-4b73-879c-d0ad0c4b4c87
136038661,64,64,64,3,2,0,0,0,2,1,1,1,0,0,0,0,0,0,1,0,0,0,0,1,1,2203,224c2092-44e1-4b73-879c-d0ad0c4b4c87
137039931,64,64,64,3,2,0,0,0,2,1,1,1,0,0,0,0,0,0,1,0,0,0,0,1,1,2203,224c2092-44e1-4b73-879c-d0ad0c4b4c87
138044797,64,64,64,3,2,0,0,0,2,1,1,1,0,0,0,0,0,0,1,0,0,0,0,1,1,2203,224c2092-44e1-4b73-879c-d0ad0c4b4c87
139050213,64,64,64,3,2,0,0,0,2,1,1,1,0,0,0,0,0,0,1,0,0,0,0,1,1,2203,224c2092-44e1-4b73-879c-d0ad0c4b4c87
140055023,64,64,64,3,2,0,0,0,2,1,1,1,0,0,0,0,0,0,1,0,0,0,0,1,1,2203,224c2092-44e1-4b73-879c-d0ad0c4b4c87
140667384,64,64,64,3,2,0,0,0,2,1,1,1,0,0,0,0,0,0,1,0,0,0,0,1,1,2203,224c2092-44e1-4b73-879c-d0ad0c4b4c87
141673683,64,64,64,3,2,0,0,0,2,1,1,1,0,0,0,0,0,0,1,0,0,0,0,1,1,2203,224c2092-44e1-4b73-879c-d0ad0c4b4c87
142679090,64,64,64,3,2,0,0,0,2,1,1,1,0,0,0,0,0,0,1,0,0,0,0,1,1,2203,224c2092-44e1-4b73-879c-d0ad0c4b4c87
143616038,64,64,64,4,2,0,0,0,2,1,1,1,0,0,0,0,0,0,1,0,0,0,0,1,1,2203,224c2092-44e1-4b73-879c-d0ad0c4b4c87
143665520,64,64,64,4,2,0,0,0,2,1,1,1,0,0,0,0,0,0,1,0,0,0,0,1,1,2203,224c2092-44e1-4b73-879c-d0ad0c4b4c87
144667407,64,64,64,4,2,0,0,0,2,1,1,1,0,0,0,0,0,0,1,0,0,0,0,1,1,2203,224c2092-44e1-4b73-879c-d0ad0c4b4c87
145674793,64,64,64,4,2,0,0,0,2,1,1,1,0,0,0,0,0,0,1,0,0,0,0,1,1,2203,224c2092-44e1-4b73-879c-d0ad0c4b4c87
146684272,64,64,64,4,2,0,0,0,2,1,1,1,0,0,0,0,0,0,1,0,0,0,0,1,1,2203,224c2092-44e1-4b73-879c-d0ad0c4b4c87
147690508,64,64,64,4,2,0,0,0,2,1,1,1,0,0,0,0,0,0,1,0,0,0,0,1,1,2203,224c2092-44e1-4b73-879c-d0ad0c4b4c87
148695761,64,64,64,4,2,0,0,0,2,1,1,1,0,0,0,0,0,0,1,0,0,0,0,1,1,2203,224c2092-44e1-4b73-879c-d0ad0c4b4c87
149700796,64,64,64,4,2,0,0,0,2,1,1,1,0,0,0,0,0,0,1,0,0,0,0,1,1,2203,224c2092-44e1-4b73-879c-d0ad0c4b4c87
150706927,64,64,64,4,2,0,0,0,2,1,1,1,0,0,0,0,0,0,1,0,0,0,0,1,1,2203,224c2092-44e1-4b73-879c-d0ad0c4b4c87
151716628,64,64,64,4,2,0,0,0,2,1,1,1,0,0,0,0,0,0,1,0,0,0,0,1,1,2203,224c2092-44e1-4b73-879c-d0ad0c4b4c87
152717879,64,64,64,4,2,0,0,0,2,1,1,1,0,0,0,0,0,0,1,0,0,0,0,1,1,2203,224c2092-44e1-4b73-879c-d0ad0c4b4c87
153723038,64,64,64,4,2,0,0,0,2,1,1,1,0,0,0,0,0,0,1,0,0,0,0,1,1,2203,224c2092-44e1-4b73-879c-d0ad0c4b4c87
154732891,64,64,64,4,2,0,0,0,2,1,1,1,0,0,0,0,0,0,1,0,0,0,0,1,1,2203,224c2092-44e1-4b73-879c-d0ad0c4b4c87
155737720,64,64,64,4,2,0,0,0,2,1,1,1,0,0,0,0,0,0,1,0,0,0,0,1,1,2203,224c2092-44e1-4b73-879c-d0ad0c4b4c87
156743259,64,64,64,4,2,0,0,0,2,1,1,1,0,0,0,0,0,0,1,0,0,0,0,1,1,2203,224c2092-44e1-4b73-879c-d0ad0c4b4c87
157745164,64,64,64,4,2,0,0,0,2,1,1,1,0,0,0,0,0,0,1,0,0,0,0,1,1,2203,224c2092-44e1-4b73-879c-d0ad0c4b4c87
158755348,64,64,64,4,2,0,0,0,2,1,1,1,0,0,0,0,0,0,1,0,0,0,0,1,1,2203,224c2092-44e1-4b73-879c-d0ad0c4b4c87
159763169,64,64,64,4,2,0,0,0,2,1,1,1,0,0,0,0,0,0,1,0,0,0,0,1,1,2203,224c2092-44e1-4b73-879c-d0ad0c4b4c87
160765512,64,64,64,4,2,0,0,0,2,1,1,1,0,0,0,0,0,0,1,0,0,0,0,1,1,2203,224c2092-44e1-4b73-879c-d0ad0c4b4c87
161774541,64,64,64,4,2,0,0,0,2,1,1,1,0,0,0,0,0,0,1,0,0,0,0,1,1,2203,224c2092-44e1-4b73-879c-d0ad0c4b4c87
162775903,64,64,64,4,2,0,0,0,2,1,1,1,0,0,0,0,0,0,1,0,0,0,0,1,1,2203,224c2092-44e1-4b73-879c-d0ad0c4b4c87
163786389,64,64,64,4,2,0,0,0,2,1,1,1,0,0,0,0,0,0,1,0,0,0,0,1,1,2203,224c2092-44e1-4b73-879c-d0ad0c4b4c87
164787368,64,64,64,4,2,0,0,0,2,1,1,1,0,0,0,0,0,0,1,0,0,0,0,1,1,2203,224c2092-44e1-4b73-879c-d0ad0c4b4c87
165790512,64,64,64,4,2,0,0,0,2,1,1,1,0,0,0,0,0,0,1,0,0,0,0,1,1,2203,224c2092-44e1-4b73-879c-d0ad0c4b4c87
166794673,64,64,64,4,2,0,0,0,2,1,1,1,0,0,0,0,0,0,1,0,0,0,0,1,1,2203,224c2092-44e1-4b73-879c-d0ad0c4b4c87
167801695,64,64,64,4,2,0,0,0,2,1,1,1,0,0,0,0,0,0,1,0,0,0,0,1,1,2203,224c2092-44e1-4b73-879c-d0ad0c4b4c87
168813779,64,64,64,4,2,0,0,0,2,1,1,1,0,0,0,0,0,0,1,0,0,0,0,1,1,2203,224c2092-44e1-4b73-879c-d0ad0c4b4c87
169821866,64,64,64,4,2,0,0,0,2,1,1,1,0,0,0,0,0,0,1,0,0,0,0,1,1,2203,224c2092-44e1-4b73-879c-d0ad0c4b4c87
170828092,64,64,64,4,2,0,0,0,2,1,1,1,0,0,0,0,0,0,1,0,0,0,0,1,1,2203,224c2092-44e1-4b73-879c-d0ad0c4b4c87
171837517,64,64,64,4,2,0,0,0,2,1,1,1,0,0,0,0,0,0,1,0,0,0,0,1,1,2203,224c2092-44e1-4b73-879c-d0ad0c4b4c87
172842705,64,64,64,4,2,0,0,0,2,1,1,1,0,0,0,0,0,0,1,0,0,0,0,1,1,2203,224c2092-44e1-4b73-879c-d0ad0c4b4c87
173844219,64,64,64,4,2,0,0,0,2,1,1,1,0,0,0,0,0,0,1,0,0,0,0,1,1,2203,224c2092-44e1-4b73-879c-d0ad0c4b4c87
174849743,64,64,64,4,2,0,0,0,2,1,1,1,0,0,0,0,0,0,1,0,0,0,0,1,1,2203,224c2092-44e1-4b73-879c-d0ad0c4b4c87
175855509,64,64,64,4,2,0,0,0,2,1,1,1,0,0,0,0,0,0,1,0,0,0,0,1,1,2203,224c2092-44e1-4b73-879c-d0ad0c4b4c87
176860148,64,64,64,4,2,0,0,0,2,1,1,1,0,0,0,0,0,0,1,0,0,0,0,1,1,2203,224c2092-44e1-4b73-879c-d0ad0c4b4c87
177870554,64,64,64,4,2,0,0,0,2,1,1,1,0,0,0,0,0,0,1,0,0,0,0,1,1,2203,224c2092-44e1-4b73-879c-d0ad0c4b4c87
178875748,64,64,64,4,2,0,0,0,2,1,1,1,0,0,0,0,0,0,1,0,0,0,0,1,1,2203,224c2092-44e1-4b73-879c-d0ad0c4b4c87
179883252,64,64,64,4,2,0,0,0,2,1,1,1,0,0,0,0,0,0,1,0,0,0,0,1,1,2203,224c2092-44e1-4b73-879c-d0ad0c4b4c87
180888693,64,64,64,4,2,0,0,0,2,1,1,1,0,0,0,0,0,0,1,0,0,0,0,1,1,2203,224c2092-44e1-4b73-879c-d0ad0c4b4c87
181889753,64,64,64,4,2,0,0,0,2,1,1,1,0,0,0,0,0,0,1,0,0,0,0,1,1,2203,224c2092-44e1-4b73-879c-d0ad0c4b4c87
182895386,64,64,64,4,2,0,0,0,2,1,1,1,0,0,0,0,0,0,1,0,0,0,0,1,1,2203,224c2092-44e1-4b73-879c-d0ad0c4b4c87
183896631,64,64,64,4,2,0,0,0,2,1,1,1,0,0,0,0,0,0,1,0,0,0,0,1,1,2203,224c2092-44e1-4b73-879c-d0ad0c4b4c87
184898376,64,64,64,4,2,0,0,0,2,1,1,1,0,0,0,0,0,0,1,0,0,0,0,1,1,2203,224c2092-44e1-4b73-879c-d0ad0c4b4c87
185902643,64,64,64,4,2,0,0,0,2,1,1,1,0,0,0,0,0,0,1,0,0,0,0,1,1,2203,224c2092-44e1-4b73-879c-d0ad0c4b4c87
186904746,64,64,64,4,2,0,0,0,2,1,1,1,0,0,0,0,0,0,1,0,0,0,0,1,1,2203,224c2092-44e1-4b73-879c-d0ad0c4b4c87
187913860,64,64,64,4,2,0,0,0,2,1,1,1,0,0,0,0,0,0,1,0,0,0,0,1,1,2203,224c2092-44e1-4b73-879c-d0ad0c4b4c87
188924186,64,64,64,4,2,0,0,0,2,1,1,1,0,0,0,0,0,0,1,0,0,0,0,1,1,2203,224c2092-44e1-4b73-879c-d0ad0c4b4c87
189929691,64,64,64,4,2,0,0,0,2,1,1,1,0,0,0,0,0,0,1,0,0,0,0,1,1,2203,224c2092-44e1-4b73-879c-d0ad0c4b4c87
190935806,64,64,64,4,2,0,0,0,2,1,1,1,0,0,0,0,0,0,1,0,0,0,0,1,1,2203,224c2092-44e1-4b73-879c-d0ad0c4b4c87
191945065,64,64,64,4,2,0,0,0,2,1,1,1,0,0,0,0,0,0,1,0,0,0,0,1,1,2203,224c2092-44e1-4b73-879c-d0ad0c4b4c87
192949129,64,64,64,4,2,0,0,0,2,1,1,1,0,0,0,0,0,0,1,0,0,0,0,1,1,2203,224c2092-44e1-4b73-879c-d0ad0c4b4c87
193957880,64,64,64,4,2,0,0,0,2,1,1,1,0,0,0,0,0,0,1,0,0,0,0,1,1,2203,224c2092-44e1-4b73-879c-d0ad0c4b4c87
194968773,64,64,64,4,2,0,0,0,2,1,1,1,0,0,0,0,0,0,1,0,0,0,0,1,1,2203,224c2092-44e1-4b73-879c-d0ad0c4b4c87
195977680,64,64,64,4,2,0,0,0,2,1,1,1,0,0,0,0,0,0,1,0,0,0,0,1,1,2203,224c2092-44e1-4b73-879c-d0ad0c4b4c87
196637543,64,64,64,4,2,0,0,0,2,1,1,1,0,0,0,0,0,0,1,0,0,0,0,1,1,2203,224c2092-44e1-4b73-879c-d0ad0c4b4c87
196660977,64,64,64,4,2,0,0,0,2,1,1,1,0,0,0,0,0,0,1,0,0,0,0,1,1,2203,224c2092-44e1-4b73-879c-d0ad0c4b4c87
197670990,64,64,64,4,2,0,0,0,2,1,1,1,0,0,0,0,0,0,1,0,0,0,0,1,1,2203,224c2092-44e1-4b73-879c-d0ad0c4b4c87
198297538,64,64,64,3,2,0,0,0,2,1,1,1,0,0,0,0,0,0,1,0,0,0,0,1,1,2203,224c2092-44e1-4b73-879c-d0ad0c4b4c87
198308739,64,64,64,3,2,0,0,0,2,1,1,1,0,0,0,0,0,0,1,0,0,0,0,1,1,2203,224c2092-44e1-4b73-879c-d0ad0c4b4c87
198321381,64,64,64,3,2,0,0,0,2,1,1,1,0,0,0,0,0,0,1,0,0,0,0,1,1,2203,224c2092-44e1-4b73-879c-d0ad0c4b4c87
198332402,64,64,64,3,2,0,0,0,2,1,1,1,0,0,0,0,0,0,1,0,0,0,0,1,1,2203,224c2092-44e1-4b73-879c-d0ad0c4b4c87
198345601,64,64,64,3,2,0,0,0,2,1,1,1,0,0,0,0,0,0,1,0,0,0,0,1,1,2203,224c2092-44e1-4b73-879c-d0ad0c4b4c87
198356798,64,64,64,3,2,0,0,0,2,1,1,1,0,0,0,0,0,0,1,0,0,0,0,1,1,2203,224c2092-44e1-4b73-879c-d0ad0c4b4c87
198368793,64,64,64,3,2,0,0,0,2,1,1,1,0,0,0,0,0,0,1,0,0,0,0,1,1,2203,224c2092-44e1-4b73-879c-d0ad0c4b4c87
198380526,64,64,64,3,2,0,0,0,2,1,1,1,0,0,0,0,0,0,1,0,0,0,0,1,1,2203,224c2092-44e1-4b73-879c-d0ad0c4b4c87
198392961,64,64,64,3,2,0,0,0,2,1,1,1,0,0,0,0,0,0,1,0,0,0,0,1,1,2203,224c2092-44e1-4b73-879c-d0ad0c4b4c87
198404906,64,64,64,3,2,0,0,0,2,1,1,1,0,0,0,0,0,0,1,0,0,0,0,1,1,2203,224c2092-44e1-4b73-879c-d0ad0c4b4c87
198417641,64,64,64,3,2,0,0,0,2,1,1,1,0,0,0,0,0,0,1,0,0,0,0,1,1,2203,224c2092-44e1-4b73-879c-d0ad0c4b4c87
198428659,64,64,64,3,2,0,0,0,2,1,1,1,0,0,0,0,0,0,1,0,0,0,0,1,1,2203,224c2092-44e1-4b73-879c-d0ad0c4b4c87
198441643,64,64,64,3,2,0,0,0,2,1,1,1,0,0,0,0,0,0,1,0,0,0,0,1,1,2203,224c2092-44e1-4b73-879c-d0ad0c4b4c87
198452727,64,64,64,3,2,0,0,0,2,1,1,1,0,0,0,0,0,0,1,0,0,0,0,1,1,2203,224c2092-44e1-4b73-879c-d0ad0c4b4c87
198465347,64,64,64,3,2,0,0,0,2,1,1,1,0,0,0,0,0,0,1,0,0,0,0,1,1,2203,224c2092-44e1-4b73-879c-d0ad0c4b4c87
198476757,64,64,64,3,2,0,0,0,2,1,1,1,0,0,0,0,0,0,1,0,0,0,0,1,1,2203,224c2092-44e1-4b73-879c-d0ad0c4b4c87
198489109,64,64,64,3,2,0,0,0,2,1,1,1,0,0,0,0,0,0,1,0,0,0,0,1,1,2203,224c2092-44e1-4b73-879c-d0ad0c4b4c87
198500320,64,64,64,3,2,0,0,0,2,1,1,1,0,0,0,0,0,0,1,0,0,0,0,1,1,2203,224c2092-44e1-4b73-879c-d0ad0c4b4c87
198510658,64,64,64,3,2,0,0,0,2,1,1,1,0,0,0,0,0,0,1,0,0,0,0,1,1,2203,224c2092-44e1-4b73-879c-d0ad0c4b4c87
198593512,64,64,64,3,2,0,0,0,2,1,1,1,0,0,0,0,0,0,1,0,0,0,0,1,1,2203,224c2092-44e1-4b73-879c-d0ad0c4b4c87
198688999,64,64,64,3,2,0,0,0,2,1,1,1,0,0,0,0,0,0,1,0,0,0,0,1,1,2203,224c2092-44e1-4b73-879c-d0ad0c4b4c87
199693795,64,64,64,3,2,0,0,0,2,1,1,1,0,0,0,0,0,0,1,0,0,0,0,1,1,2203,224c2092-44e1-4b73-879c-d0ad0c4b4c87
200706502,64,64,64,3,2,0,0,0,2,1,1,1,0,0,0,0,0,0,1,0,0,0,0,1,1,2203,224c2092-44e1-4b73-879c-d0ad0c4b4c87
201710646,64,64,64,3,2,0,0,0,2,1,1,1,0,0,0,0,0,0,1,0,0,0,0,1,1,2203,224c2092-44e1-4b73-879c-d0ad0c4b4c87
202712187,64,64,64,3,2,0,0,0,2,1,1,1,0,0,0,0,0,0,1,0,0,0,0,1,1,2203,224c2092-44e1-4b73-879c-d0ad0c4b4c87
203718531,64,64,64,3,2,0,0,0,2,1,1,1,0,0,0,0,0,0,1,0,0,0,0,1,1,2203,224c2092-44e1-4b73-879c-d0ad0c4b4c87
204727872,64,64,64,3,2,0,0,0,2,1,1,1,0,0,0,0,0,0,1,0,0,0,0,1,1,2203,224c2092-44e1-4b73-879c-d0ad0c4b4c87
205734998,64,64,64,3,2,0,0,0,2,1,1,1,0,0,0,0,0,0,1,0,0,0,0,1,1,2203,224c2092-44e1-4b73-879c-d0ad0c4b4c87
206744886,64,64,64,3,2,0,0,0,2,1,1,1,0,0,0,0,0,0,1,0,0,0,0,1,1,2203,224c2092-44e1-4b73-879c-d0ad0c4b4c87
207748920,64,64,64,3,2,0,0,0,2,1,1,1,0,0,0,0,0,0,1,0,0,0,0,1,1,2203,224c2092-44e1-4b73-879c-d0ad0c4b4c87
208753636,64,64,64,3,2,0,0,0,2,1,1,1,0,0,0,0,0,0,1,0,0,0,0,1,1,2203,224c2092-44e1-4b73-879c-d0ad0c4b4c87
209756540,64,64,64,3,2,0,0,0,2,1,1,1,0,0,0,0,0,0,1,0,0,0,0,1,1,2203,224c2092-44e1-4b73-879c-d0ad0c4b4c87
210766167,64,64,64,3,2,0,0,0,2,1,1,1,0,0,0,0,0,0,1,0,0,0,0,1,1,2203,224c2092-44e1-4b73-879c-d0ad0c4b4c87
211771862,64,64,64,3,2,0,0,0,2,1,1,1,0,0,0,0,0,0,1,0,0,0,0,1,1,2203,224c2092-44e1-4b73-879c-d0ad0c4b4c87
212773378,64,64,64,3,2,0,0,0,2,1,1,1,0,0,0,0,0,0,1,0,0,0,0,1,1,2203,224c2092-44e1-4b73-879c-d0ad0c4b4c87
213779550,64,64,64,3,2,0,0,0,2,1,1,1,0,0,0,0,0,0,1,0,0,0,0,1,1,2203,224c2092-44e1-4b73-879c-d0ad0c4b4c87
214788264,64,64,64,3,2,0,0,0,2,1,1,1,0,0,0,0,0,0,1,0,0,0,0,1,1,2203,224c2092-44e1-4b73-879c-d0ad0c4b4c87
215793847,64,64,64,3,2,0,0,0,2,1,1,1,0,0,0,0,0,0,1,0,0,0,0,1,1,2203,224c2092-44e1-4b73-879c-d0ad0c4b4c87
216802985,64,64,64,3,2,0,0,0,2,1,1,1,0,0,0,0,0,0,1,0,0,0,0,1,1,2203,224c2092-44e1-4b73-879c-d0ad0c4b4c87
217804836,64,64,64,3,2,0,0,0,2,1,1,1,0,0,0,0,0,0,1,0,0,0,0,1,1,2203,224c2092-44e1-4b73-879c-d0ad0c4b4c87
218811382,64,64,64,3,2,0,0,0,2,1,1,1,0,0,0,0,0,0,1,0,0,0,0,1,1,2203,224c2092-44e1-4b73-879c-d0ad0c4b4c87
219820073,64,64,64,3,2,0,0,0,2,1,1,1,0,0,0,0,0,0,1,0,0,0,0,1,1,2203,224c2092-44e1-4b73-879c-d0ad0c4b4c87
220829915,64,64,64,3,2,0,0,0,2,1,1,1,0,0,0,0,0,0,1,0,0,0,0,1,1,2203,224c2092-44e1-4b73-879c-d0ad0c4b4c87
221839483,64,64,64,3,2,0,0,0,2,1,1,1,0,0,0,0,0,0,1,0,0,0,0,1,1,2203,224c2092-44e1-4b73-879c-d0ad0c4b4c87
222841013,64,64,64,3,2,0,0,0,2,1,1,1,0,0,0,0,0,0,1,0,0,0,0,1,1,2203,224c2092-44e1-4b73-879c-d0ad0c4b4c87
223849510,64,64,64,3,2,0,0,0,2,1,1,1,0,0,0,0,0,0,1,0,0,0,0,1,1,2203,224c2092-44e1-4b73-879c-d0ad0c4b4c87
224854535,64,64,64,3,2,0,0,0,2,1,1,1,0,0,0,0,0,0,1,0,0,0,0,1,1,2203,224c2092-44e1-4b73-879c-d0ad0c4b4c87
225863879,64,64,64,3,2,0,0,0,2,1,1,1,0,0,0,0,0,0,1,0,0,0,0,1,1,2203,224c2092-44e1-4b73-879c-d0ad0c4b4c87
226868808,64,64,64,3,2,0,0,0,2,1,1,1,0,0,0,0,0,0,1,0,0,0,0,1,1,2203,224c2092-44e1-4b73-879c-d0ad0c4b4c87
227875314,64,64,64,3,2,0,0,0,2,1,1,1,0,0,0,0,0,0,1,0,0,0,0,1,1,2203,224c2092-44e1-4b73-879c-d0ad0c4b4c87
228883877,64,64,64,3,2,0,0,0,2,1,1,1,0,0,0,0,0,0,1,0,0,0,0,1,1,2203,224c2092-44e1-4b73-879c-d0ad0c4b4c87
229892138,64,64,64,3,2,0,0,0,2,1,1,1,0,0,0,0,0,0,1,0,0,0,0,1,1,2203,224c2092-44e1-4b73-879c-d0ad0c4b4c87
230893571,64,64,64,3,2,0,0,0,2,1,1,1,0,0,0,0,0,0,1,0,0,0,0,1,1,2203,224c2092-44e1-4b73-879c-d0ad0c4b4c87
231902553,64,64,64,3,2,0,0,0,2,1,1,1,0,0,0,0,0,0,1,0,0,0,0,1,1,2203,224c2092-44e1-4b73-879c-d0ad0c4b4c87
232909911,64,64,64,3,2,0,0,0,2,1,1,1,0,0,0,0,0,0,1,0,0,0,0,1,1,2203,224c2092-44e1-4b73-879c-d0ad0c4b4c87
233910635,64,64,64,3,2,0,0,0,2,1,1,1,0,0,0,0,0,0,1,0,0,0,0,1,1,2203,224c2092-44e1-4b73-879c-d0ad0c4b4c87
234918839,64,64,64,3,2,0,0,0,2,1,1,1,0,0,0,0,0,0,1,0,0,0,0,1,1,2203,224c2092-44e1-4b73-879c-d0ad0c4b4c87
235927963,64,64,64,3,2,0,0,0,2,1,1,1,0,0,0,0,0,0,1,0,0,0,0,1,1,2203,224c2092-44e1-4b73-879c-d0ad0c4b4c87
236930658,64,64,64,3,2,0,0,0,2,1,1,1,0,0,0,0,0,0,1,0,0,0,0,1,1,2203,224c2092-44e1-4b73-879c-d0ad0c4b4c87
237939456,64,64,64,3,2,0,0,0,2,1,1,1,0,0,0,0,0,0,1,0,0,0,0,1,1,2203,224c2092-44e1-4b73-879c-d0ad0c4b4c87
238945377,64,64,64,3,2,0,0,0,2,1,1,1,0,0,0,0,0,0,1,0,0,0,0,1,1,2203,224c2092-44e1-4b73-879c-d0ad0c4b4c87
239946558,64,64,64,3,2,0,0,0,2,1,1,1,0,0,0,0,0,0,1,0,0,0,0,1,1,2203,224c2092-44e1-4b73-879c-d0ad0c4b4c87
240948527,64,64,64,3,2,0,0,0,2,1,1,1,0,0,0,0,0,0,1,0,0,0,0,1,1,2203,224c2092-44e1-4b73-879c-d0ad0c4b4c87
241953140,64,64,64,3,2,0,0,0,2,1,1,1,0,0,0,0,0,0,1,0,0,0,0,1,1,2203,224c2092-44e1-4b73-879c-d0ad0c4b4c87
242955058,64,64,64,3,2,0,0,0,2,1,1,1,0,0,0,0,0,0,1,0,0,0,0,1,1,2203,224c2092-44e1-4b73-879c-d0ad0c4b4c87
243964179,64,64,64,3,2,0,0,0,2,1,1,1,0,0,0,0,0,0,1,0,0,0,0,1,1,2203,224c2092-44e1-4b73-879c-d0ad0c4b4c87
244969757,64,64,64,3,2,0,0,0,2,1,1,1,0,0,0,0,0,0,1,0,0,0,0,1,1,2203,224c2092-44e1-4b73-879c-d0ad0c4b4c87
245975106,64,64,64,3,2,0,0,0,2,1,1,1,0,0,0,0,0,0,1,0,0,0,0,1,1,2203,224c2092-44e1-4b73-879c-d0ad0c4b4c87
246981934,64,64,64,3,2,0,0,0,2,1,1,1,0,0,0,0,0,0,1,0,0,0,0,1,1,2203,224c2092-44e1-4b73-879c-d0ad0c4b4c87
247990569,64,64,64,3,2,0,0,0,2,1,1,1,0,0,0,0,0,0,1,0,0,0,0,1,1,2203,224c2092-44e1-4b73-879c-d0ad0c4b4c87
248990684,64,64,64,3,2,0,0,0,2,1,1,1,0,0,0,0,0,0,1,0,0,0,0,1,1,2203,224c2092-44e1-4b73-879c-d0ad0c4b4c87
249995933,64,64,64,3,2,0,0,0,2,1,1,1,0,0,0,0,0,0,1,0,0,0,0,1,1,2203,224c2092-44e1-4b73-879c-d0ad0c4b4c87
250997747,64,64,64,3,2,0,0,0,2,1,1,1,0,0,0,0,0,0,1,0,0,0,0,1,1,2203,224c2092-44e1-4b73-879c-d0ad0c4b4c87
251999360,64,64,64,3,2,0,0,0,2,1,1,1,0,0,0,0,0,0,1,0,0,0,0,1,1,2203,224c2092-44e1-4b73-879c-d0ad0c4b4c87
253004688,64,64,64,3,2,0,0,0,2,1,1,1,0,0,0,0,0,0,1,0,0,0,0,1,1,2203,224c2092-44e1-4b73-879c-d0ad0c4b4c87
254013801,64,64,64,3,2,0,0,0,2,1,1,1,0,0,0,0,0,0,1,0,0,0,0,1,1,2203,224c2092-44e1-4b73-879c-d0ad0c4b4c87
255021389,64,64,64,3,2,0,0,0,2,1,1,1,0,0,0,0,0,0,1,0,0,0,0,1,1,2203,224c2092-44e1-4b73-879c-d0ad0c4b4c87
256022250,64,64,64,3,2,0,0,0,2,1,1,1,0,0,0,0,0,0,1,0,0,0,0,1,1,2203,224c2092-44e1-4b73-879c-d0ad0c4b4c87
257035372,64,64,64,3,2,0,0,0,2,1,1,1,0,0,0,0,0,0,1,0,0,0,0,1,1,2203,224c2092-44e1-4b73-879c-d0ad0c4b4c87
258044694,64,64,64,3,2,0,0,0,2,1,1,1,0,0,0,0,0,0,1,0,0,0,0,1,1,2203,224c2092-44e1-4b73-879c-d0ad0c4b4c87
259053672,64,64,64,3,2,0,0,0,2,1,1,1,0,0,0,0,0,0,1,0,0,0,0,1,1,2203,224c2092-44e1-4b73-879c-d0ad0c4b4c87
260059329,64,64,64,3,2,0,0,0,2,1,1,1,0,0,0,0,0,0,1,0,0,0,0,1,1,2203,224c2092-44e1-4b73-879c-d0ad0c4b4c87
261064330,64,64,64,3,2,0,0,0,2,1,1,1,0,0,0,0,0,0,1,0,0,0,0,1,1,2203,224c2092-44e1-4b73-879c-d0ad0c4b4c87
262075448,64,64,64,3,2,0,0,0,2,1,1,1,0,0,0,0,0,0,1,0,0,0,0,1,1,2203,224c2092-44e1-4b73-879c-d0ad0c4b4c87
263085022,64,64,64,3,2,0,0,0,2,1,1,1,0,0,0,0,0,0,1,0,0,0,0,1,1,2203,224c2092-44e1-4b73-879c-d0ad0c4b4c87
264093394,64,64,64,3,2,0,0,0,2,1,1,1,0,0,0,0,0,0,1,0,0,0,0,1,1,2203,224c2092-44e1-4b73-879c-d0ad0c4b4c87
265103172,64,64,64,3,2,0,0,0,2,1,1,1,0,0,0,0,0,0,1,0,0,0,0,1,1,2203,224c2092-44e1-4b73-879c-d0ad0c4b4c87
266108655,64,64,64,3,2,0,0,0,2,1,1,1,0,0,0,0,0,0,1,0,0,0,0,1,1,2203,224c2092-44e1-4b73-879c-d0ad0c4b4c87
267115400,64,64,64,3,2,0,0,0,2,1,1,1,0,0,0,0,0,0,1,0,0,0,0,1,1,2203,224c2092-44e1-4b73-879c-d0ad0c4b4c87
268120022,64,64,64,3,2,0,0,0,2,1,1,1,0,0,0,0,0,0,1,0,0,0,0,1,1,2203,224c2092-44e1-4b73-879c-d0ad0c4b4c87
269122954,64,64,64,3,2,0,0,0,2,1,1,1,0,0,0,0,0,0,1,0,0,0,0,1,1,2203,224c2092-44e1-4b73-879c-d0ad0c4b4c87
270125895,64,64,64,3,2,0,0,0,2,1,1,1,0,0,0,0,0,0,1,0,0,0,0,1,1,2203,224c2092-44e1-4b73-879c-d0ad0c4b4c87
271128046,64,64,64,3,2,0,0,0,2,1,1,1,0,0,0,0,0,0,1,0,0,0,0,1,1,2203,224c2092-44e1-4b73-879c-d0ad0c4b4c87
272135515,64,64,64,3,2,0,0,0,2,1,1,1,0,0,0,0,0,0,1,0,0,0,0,1,1,2203,224c2092-44e1-4b73-879c-d0ad0c4b4c87
273147456,64,64,64,3,2,0,0,0,2,1,1,1,0,0,0,0,0,0,1,0,0,0,0,1,1,2203,224c2092-44e1-4b73-879c-d0ad0c4b4c87
274156185,64,64,64,3,2,0,0,0,2,1,1,1,0,0,0,0,0,0,1,0,0,0,0,1,1,2203,224c2092-44e1-4b73-879c-d0ad0c4b4c87
275165930,64,64,64,3,2,0,0,0,2,1,1,1,0,0,0,0,0,0,1,0,0,0,0,1,1,2203,224c2092-44e1-4b73-879c-d0ad0c4b4c87
276175099,64,64,64,3,2,0,0,0,2,1,1,1,0,0,0,0,0,0,1,0,0,0,0,1,1,2203,224c2092-44e1-4b73-879c-d0ad0c4b4c87
277181507,64,64,64,3,2,0,0,0,2,1,1,1,0,0,0,0,0,0,1,0,0,0,0,1,1,2203,224c2092-44e1-4b73-879c-d0ad0c4b4c87
278189811,64,64,64,3,2,0,0,0,2,1,1,1,0,0,0,0,0,0,1,0,0,0,0,1,1,2203,224c2092-44e1-4b73-879c-d0ad0c4b4c87
279192027,64,64,64,3,2,0,0,0,2,1,1,1,0,0,0,0,0,0,1,0,0,0,0,1,1,2203,224c2092-44e1-4b73-879c-d0ad0c4b4c87
280201527,64,64,64,3,2,0,0,0,2,1,1,1,0,0,0,0,0,0,1,0,0,0,0,1,1,2203,224c2092-44e1-4b73-879c-d0ad0c4b4c87
281207782,64,64,64,3,2,0,0,0,2,1,1,1,0,0,0,0,0,0,1,0,0,0,0,1,1,2203,224c2092-44e1-4b73-879c-d0ad0c4b4c87
282208986,64,64,64,3,2,0,0,0,2,1,1,1,0,0,0,0,0,0,1,0,0,0,0,1,1,2203,224c2092-44e1-4b73-879c-d0ad0c4b4c87
282897015,64,64,64,4,2,0,0,0,2,1,1,1,0,0,0,0,0,0,1,0,0,0,0,1,1,2203,224c2092-44e1-4b73-879c-d0ad0c4b4c87
282918524,64,64,64,4,2,0,0,0,2,1,1,1,0,0,0,0,0,0,1,0,0,0,0,1,1,2203,224c2092-44e1-4b73-879c-d0ad0c4b4c87
283930545,64,64,64,4,2,0,0,0,2,1,1,1,0,0,0,0,0,0,1,0,0,0,0,1,1,2203,224c2092-44e1-4b73-879c-d0ad0c4b4c87
284940038,64,64,64,4,2,0,0,0,2,1,1,1,0,0,0,0,0,0,1,0,0,0,0,1,1,2203,224c2092-44e1-4b73-879c-d0ad0c4b4c87
285023752,64,64,64,4,2,0,0,0,2,1,1,1,0,0,0,0,0,0,1,0,0,0,0,1,1,2203,224c2092-44e1-4b73-879c-d0ad0c4b4c87
286035109,64,64,64,4,2,0,0,0,2,1,1,1,0,0,0,0,0,0,1,0,0,0,0,1,1,2203,224c2092-44e1-4b73-879c-d0ad0c4b4c87
286643760,64,64,64,3,2,0,0,0,2,1,1,1,0,0,0,0,0,0,1,0,0,0,0,1,1,2203,224c2092-44e1-4b73-879c-d0ad0c4b4c87
286655120,64,64,64,3,2,0,0,0,2,1,1,1,0,0,0,0,0,0,1,0,0,0,0,1,1,2203,224c2092-44e1-4b73-879c-d0ad0c4b4c87
286679022,64,64,64,3,2,0,0,0,2,1,1,1,0,0,0,0,0,0,1,0,0,0,0,1,1,2203,224c2092-44e1-4b73-879c-d0ad0c4b4c87
286691249,64,64,64,3,2,0,0,0,2,1,1,1,0,0,0,0,0,0,1,0,0,0,0,1,1,2203,224c2092-44e1-4b73-879c-d0ad0c4b4c87
287693105,64,64,64,3,2,0,0,0,2,1,1,1,0,0,0,0,0,0,1,0,0,0,0,1,1,2203,224c2092-44e1-4b73-879c-d0ad0c4b4c87
288702148,64,64,64,3,2,0,0,0,2,1,1,1,0,0,0,0,0,0,1,0,0,0,0,1,1,2203,224c2092-44e1-4b73-879c-d0ad0c4b4c87
289704094,64,64,64,3,2,0,0,0,2,1,1,1,0,0,0,0,0,0,1,0,0,0,0,1,1,2203,224c2092-44e1-4b73-879c-d0ad0c4b4c87
290709446,64,64,64,3,2,0,0,0,2,1,1,1,0,0,0,0,0,0,1,0,0,0,0,1,1,2203,224c2092-44e1-4b73-879c-d0ad0c4b4c87
291718968,64,64,64,3,2,0,0,0,2,1,1,1,0,0,0,0,0,0,1,0,0,0,0,1,1,2203,224c2092-44e1-4b73-879c-d0ad0c4b4c87
292720548,64,64,64,3,2,0,0,0,2,1,1,1,0,0,0,0,0,0,1,0,0,0,0,1,1,2203,224c2092-44e1-4b73-879c-d0ad0c4b4c87
293726470,64,64,64,3,2,0,0,0,2,1,1,1,0,0,0,0,0,0,1,0,0,0,0,1,1,2203,224c2092-44e1-4b73-879c-d0ad0c4b4c87
294731749,64,64,64,3,2,0,0,0,2,1,1,1,0,0,0,0,0,0,1,0,0,0,0,1,1,2203,224c2092-44e1-4b73-879c-d0ad0c4b4c87
295736672,64,64,64,3,2,0,0,0,2,1,1,1,0,0,0,0,0,0,1,0,0,0,0,1,1,2203,224c2092-44e1-4b73-879c-d0ad0c4b4c87
296738499,64,64,64,3,2,0,0,0,2,1,1,1,0,0,0,0,0,0,1,0,0,0,0,1,1,2203,224c2092-44e1-4b73-879c-d0ad0c4b4c87
297743883,64,64,64,3,2,0,0,0,2,1,1,1,0,0,0,0,0,0,1,0,0,0,0,1,1,2203,224c2092-44e1-4b73-879c-d0ad0c4b4c87
298751539,64,64,64,3,2,0,0,0,2,1,1,1,0,0,0,0,0,0,1,0,0,0,0,1,1,2203,224c2092-44e1-4b73-879c-d0ad0c4b4c87
299763316,64,64,64,3,2,0,0,0,2,1,1,1,0,0,0,0,0,0,1,0,0,0,0,1,1,2203,224c2092-44e1-4b73-879c-d0ad0c4b4c87
300769043,64,64,64,3,2,0,0,0,2,1,1,1,0,0,0,0,0,0,1,0,0,0,0,1,1,2203,224c2092-44e1-4b73-879c-d0ad0c4b4c87
301771116,64,64,64,3,2,0,0,0,2,1,1,1,0,0,0,0,0,0,1,0,0,0,0,1,1,2203,224c2092-44e1-4b73-879c-d0ad0c4b4c87
302772193,64,64,64,3,2,0,0,0,2,1,1,1,0,0,0,0,0,0,1,0,0,0,0,1,1,2203,224c2092-44e1-4b73-879c-d0ad0c4b4c87
303780980,64,64,64,3,2,0,0,0,2,1,1,1,0,0,0,0,0,0,1,0,0,0,0,1,1,2203,224c2092-44e1-4b73-879c-d0ad0c4b4c87
304791105,64,64,64,3,2,0,0,0,2,1,1,1,0,0,0,0,0,0,1,0,0,0,0,1,1,2203,224c2092-44e1-4b73-879c-d0ad0c4b4c87
305792585,64,64,64,3,2,0,0,0,2,1,1,1,0,0,0,0,0,0,1,0,0,0,0,1,1,2203,224c2092-44e1-4b73-879c-d0ad0c4b4c87
306797874,64,64,64,3,2,0,0,0,2,1,1,1,0,0,0,0,0,0,1,0,0,0,0,1,1,2203,224c2092-44e1-4b73-879c-d0ad0c4b4c87
307799656,64,64,64,3,2,0,0,0,2,1,1,1,0,0,0,0,0,0,1,0,0,0,0,1,1,2203,224c2092-44e1-4b73-879c-d0ad0c4b4c87
308806494,64,64,64,3,2,0,0,0,2,1,1,1,0,0,0,0,0,0,1,0,0,0,0,1,1,2203,224c2092-44e1-4b73-879c-d0ad0c4b4c87
309811914,64,64,64,3,2,0,0,0,2,1,1,1,0,0,0,0,0,0,1,0,0,0,0,1,1,2203,224c2092-44e1-4b73-879c-d0ad0c4b4c87
310816595,64,64,64,3,2,0,0,0,2,1,1,1,0,0,0,0,0,0,1,0,0,0,0,1,1,2203,224c2092-44e1-4b73-879c-d0ad0c4b4c87
311827057,64,64,64,3,2,0,0,0,2,1,1,1,0,0,0,0,0,0,1,0,0,0,0,1,1,2203,224c2092-44e1-4b73-879c-d0ad0c4b4c87
312835821,64,64,64,3,2,0,0,0,2,1,1,1,0,0,0,0,0,0,1,0,0,0,0,1,1,2203,224c2092-44e1-4b73-879c-d0ad0c4b4c87
313838496,64,64,64,3,2,0,0,0,2,1,1,1,0,0,0,0,0,0,1,0,0,0,0,1,1,2203,224c2092-44e1-4b73-879c-d0ad0c4b4c87
314842977,64,64,64,3,2,0,0,0,2,1,1,1,0,0,0,0,0,0,1,0,0,0,0,1,1,2203,224c2092-44e1-4b73-879c-d0ad0c4b4c87
315844245,64,64,64,3,2,0,0,0,2,1,1,1,0,0,0,0,0,0,1,0,0,0,0,1,1,2203,224c2092-44e1-4b73-879c-d0ad0c4b4c87
316850347,64,64,64,3,2,0,0,0,2,1,1,1,0,0,0,0,0,0,1,0,0,0,0,1,1,2203,224c2092-44e1-4b73-879c-d0ad0c4b4c87
317860981,64,64,64,3,2,0,0,0,2,1,1,1,0,0,0,0,0,0,1,0,0,0,0,1,1,2203,224c2092-44e1-4b73-879c-d0ad0c4b4c87
318031283,64,64,64,18,2,0,0,0,2,1,1,1,0,0,0,0,0,0,1,0,0,0,0,1,1,2203,224c2092-44e1-4b73-879c-d0ad0c4b4c87
318054575,64,64,64,18,2,0,0,0,2,1,1,1,0,0,0,0,0,0,1,0,0,0,0,1,1,2203,224c2092-44e1-4b73-879c-d0ad0c4b4c87
319055867,64,64,64,18,2,0,0,0,2,1,1,1,0,0,0,0,0,0,1,0,0,0,0,1,1,2203,224c2092-44e1-4b73-879c-d0ad0c4b4c87
320061385,64,64,64,18,2,0,0,0,2,1,1,1,0,0,0,0,0,0,1,0,0,0,0,1,1,2203,224c2092-44e1-4b73-879c-d0ad0c4b4c87
321071194,64,64,64,18,2,0,0,0,2,1,1,1,0,0,0,0,0,0,1,0,0,0,0,1,1,2203,224c2092-44e1-4b73-879c-d0ad0c4b4c87
322073021,64,64,64,18,2,0,0,0,2,1,1,1,0,0,0,0,0,0,1,0,0,0,0,1,1,2203,224c2092-44e1-4b73-879c-d0ad0c4b4c87
323078180,64,64,64,18,2,0,0,0,2,1,1,1,0,0,0,0,0,0,1,0,0,0,0,1,1,2203,224c2092-44e1-4b73-879c-d0ad0c4b4c87
324084027,64,64,64,18,2,0,0,0,2,1,1,1,0,0,0,0,0,0,1,0,0,0,0,1,1,2203,224c2092-44e1-4b73-879c-d0ad0c4b4c87
325085096,64,64,64,18,2,0,0,0,2,1,1,1,0,0,0,0,0,0,1,0,0,0,0,1,1,2203,224c2092-44e1-4b73-879c-d0ad0c4b4c87
326085906,64,64,64,18,2,0,0,0,2,1,1,1,0,0,0,0,0,0,1,0,0,0,0,1,1,2203,224c2092-44e1-4b73-879c-d0ad0c4b4c87
327093671,64,64,64,18,2,0,0,0,2,1,1,1,0,0,0,0,0,0,1,0,0,0,0,1,1,2203,224c2092-44e1-4b73-879c-d0ad0c4b4c87
328099513,64,64,64,18,2,0,0,0,2,1,1,1,0,0,0,0,0,0,1,0,0,0,0,1,1,2203,224c2092-44e1-4b73-879c-d0ad0c4b4c87
329106513,64,64,64,18,2,0,0,0,2,1,1,1,0,0,0,0,0,0,1,0,0,0,0,1,1,2203,224c2092-44e1-4b73-879c-d0ad0c4b4c87
330108665,64,64,64,18,2,0,0,0,2,1,1,1,0,0,0,0,0,0,1,0,0,0,0,1,1,2203,224c2092-44e1-4b73-879c-d0ad0c4b4c87
331109807,64,64,64,18,2,0,0,0,2,1,1,1,0,0,0,0,0,0,1,0,0,0,0,1,1,2203,224c2092-44e1-4b73-879c-d0ad0c4b4c87
332120150,64,64,64,18,2,0,0,0,2,1,1,1,0,0,0,0,0,0,1,0,0,0,0,1,1,2203,224c2092-44e1-4b73-879c-d0ad0c4b4c87
333121513,64,64,64,18,2,0,0,0,2,1,1,1,0,0,0,0,0,0,1,0,0,0,0,1,1,2203,224c2092-44e1-4b73-879c-d0ad0c4b4c87
334126551,64,64,64,18,2,0,0,0,2,1,1,1,0,0,0,0,0,0,1,0,0,0,0,1,1,2203,224c2092-44e1-4b73-879c-d0ad0c4b4c87
335133815,64,64,64,18,2,0,0,0,2,1,1,1,0,0,0,0,0,0,1,0,0,0,0,1,1,2203,224c2092-44e1-4b73-879c-d0ad0c4b4c87
336144673,64,64,64,18,2,0,0,0,2,1,1,1,0,0,0,0,0,0,1,0,0,0,0,1,1,2203,224c2092-44e1-4b73-879c-d0ad0c4b4c87
337147385,64,64,64,18,2,0,0,0,2,1,1,1,0,0,0,0,0,0,1,0,0,0,0,1,1,2203,224c2092-44e1-4b73-879c-d0ad0c4b4c87
338153522,64,64,64,18,2,0,0,0,2,1,1,1,0,0,0,0,0,0,1,0,0,0,0,1,1,2203,224c2092-44e1-4b73-879c-d0ad0c4b4c87
339162688,64,64,64,18,2,0,0,0,2,1,1,1,0,0,0,0,0,0,1,0,0,0,0,1,1,2203,224c2092-44e1-4b73-879c-d0ad0c4b4c87
340165023,64,64,64,18,2,0,0,0,2,1,1,1,0,0,0,0,0,0,1,0,0,0,0,1,1,2203,224c2092-44e1-4b73-879c-d0ad0c4b4c87
341177569,64,64,64,18,2,0,0,0,2,1,1,1,0,0,0,0,0,0,1,0,0,0,0,1,1,2203,224c2092-44e1-4b73-879c-d0ad0c4b4c87
342185156,64,64,64,18,2,0,0,0,2,1,1,1,0,0,0,0,0,0,1,0,0,0,0,1,1,2203,224c2092-44e1-4b73-879c-d0ad0c4b4c87
343194685,64,64,64,18,2,0,0,0,2,1,1,1,0,0,0,0,0,0,1,0,0,0,0,1,1,2203,224c2092-44e1-4b73-879c-d0ad0c4b4c87
344199421,64,64,64,18,2,0,0,0,2,1,1,1,0,0,0,0,0,0,1,0,0,0,0,1,1,2203,224c2092-44e1-4b73-879c-d0ad0c4b4c87
345205515,64,64,64,18,2,0,0,0,2,1,1,1,0,0,0,0,0,0,1,0,0,0,0,1,1,2203,224c2092-44e1-4b73-879c-d0ad0c4b4c87
346214658,64,64,64,18,2,0,0,0,2,1,1,1,0,0,0,0,0,0,1,0,0,0,0,1,1,2203,224c2092-44e1-4b73-879c-d0ad0c4b4c87
347218149,64,64,64,18,2,0,0,0,2,1,1,1,0,0,0,0,0,0,1,0,0,0,0,1,1,2203,224c2092-44e1-4b73-879c-d0ad0c4b4c87
348219258,64,64,64,18,2,0,0,0,2,1,1,1,0,0,0,0,0,0,1,0,0,0,0,1,1,2203,224c2092-44e1-4b73-879c-d0ad0c4b4c87
349221681,64,64,64,18,2,0,0,0,2,1,1,1,0,0,0,0,0,0,1,0,0,0,0,1,1,2203,224c2092-44e1-4b73-879c-d0ad0c4b4c87
350224857,64,64,64,18,2,0,0,0,2,1,1,1,0,0,0,0,0,0,1,0,0,0,0,1,1,2203,224c2092-44e1-4b73-879c-d0ad0c4b4c87
351226505,64,64,64,18,2,0,0,0,2,1,1,1,0,0,0,0,0,0,1,0,0,0,0,1,1,2203,224c2092-44e1-4b73-879c-d0ad0c4b4c87
352232587,64,64,64,18,2,0,0,0,2,1,1,1,0,0,0,0,0,0,1,0,0,0,0,1,1,2203,224c2092-44e1-4b73-879c-d0ad0c4b4c87
353241770,64,64,64,18,2,0,0,0,2,1,1,1,0,0,0,0,0,0,1,0,0,0,0,1,1,2203,224c2092-44e1-4b73-879c-d0ad0c4b4c87
354251258,64,64,64,18,2,0,0,0,2,1,1,1,0,0,0,0,0,0,1,0,0,0,0,1,1,2203,224c2092-44e1-4b73-879c-d0ad0c4b4c87
355252559,64,64,64,18,2,0,0,0,2,1,1,1,0,0,0,0,0,0,1,0,0,0,0,1,1,2203,224c2092-44e1-4b73-879c-d0ad0c4b4c87
356262582,64,64,64,18,2,0,0,0,2,1,1,1,0,0,0,0,0,0,1,0,0,0,0,1,1,2203,224c2092-44e1-4b73-879c-d0ad0c4b4c87
357271018,64,64,64,18,2,0,0,0,2,1,1,1,0,0,0,0,0,0,1,0,0,0,0,1,1,2203,224c2092-44e1-4b73-879c-d0ad0c4b4c87
358278504,64,64,64,18,2,0,0,0,2,1,1,1,0,0,0,0,0,0,1,0,0,0,0,1,1,2203,224c2092-44e1-4b73-879c-d0ad0c4b4c87
359282809,64,64,64,18,2,0,0,0,2,1,1,1,0,0,0,0,0,0,1,0,0,0,0,1,1,2203,224c2092-44e1-4b73-879c-d0ad0c4b4c87
360289138,64,64,64,18,2,0,0,0,2,1,1,1,0,0,0,0,0,0,1,0,0,0,0,1,1,2203,224c2092-44e1-4b73-879c-d0ad0c4b4c87
361298638,64,64,64,18,2,0,0,0,2,1,1,1,0,0,0,0,0,0,1,0,0,0,0,1,1,2203,224c2092-44e1-4b73-879c-d0ad0c4b4c87
362300079,64,64,64,18,2,0,0,0,2,1,1,1,0,0,0,0,0,0,1,0,0,0,0,1,1,2203,224c2092-44e1-4b73-879c-d0ad0c4b4c87
363309516,64,64,64,18,2,0,0,0,2,1,1,1,0,0,0,0,0,0,1,0,0,0,0,1,1,2203,224c2092-44e1-4b73-879c-d0ad0c4b4c87
364318962,64,64,64,18,2,0,0,0,2,1,1,1,0,0,0,0,0,0,1,0,0,0,0,1,1,2203,224c2092-44e1-4b73-879c-d0ad0c4b4c87
365324870,64,64,64,18,2,0,0,0,2,1,1,1,0,0,0,0,0,0,1,0,0,0,0,1,1,2203,224c2092-44e1-4b73-879c-d0ad0c4b4c87
366329494,64,64,64,18,2,0,0,0,2,1,1,1,0,0,0,0,0,0,1,0,0,0,0,1,1,2203,224c2092-44e1-4b73-879c-d0ad0c4b4c87
367329792,64,64,64,18,2,0,0,0,2,1,1,1,0,0,0,0,0,0,1,0,0,0,0,1,1,2203,224c2092-44e1-4b73-879c-d0ad0c4b4c87
368338653,64,64,64,18,2,0,0,0,2,1,1,1,0,0,0,0,0,0,1,0,0,0,0,1,1,2203,224c2092-44e1-4b73-879c-d0ad0c4b4c87
369349557,64,64,64,18,2,0,0,0,2,1,1,1,0,0,0,0,0,0,1,0,0,0,0,1,1,2203,224c2092-44e1-4b73-879c-d0ad0c4b4c87
370360040,64,64,64,18,2,0,0,0,2,1,1,1,0,0,0,0,0,0,1,0,0,0,0,1,1,2203,224c2092-44e1-4b73-879c-d0ad0c4b4c87
371364710,64,64,64,18,2,0,0,0,2,1,1,1,0,0,0,0,0,0,1,0,0,0,0,1,1,2203,224c2092-44e1-4b73-879c-d0ad0c4b4c87
372374665,64,64,64,18,2,0,0,0,2,1,1,1,0,0,0,0,0,0,1,0,0,0,0,1,1,2203,224c2092-44e1-4b73-879c-d0ad0c4b4c87
373379293,64,64,64,18,2,0,0,0,2,1,1,1,0,0,0,0,0,0,1,0,0,0,0,1,1,2203,224c2092-44e1-4b73-879c-d0ad0c4b4c87
374387310,64,64,64,18,2,0,0,0,2,1,1,1,0,0,0,0,0,0,1,0,0,0,0,1,1,2203,224c2092-44e1-4b73-879c-d0ad0c4b4c87
375394574,64,64,64,18,2,0,0,0,2,1,1,1,0,0,0,0,0,0,1,0,0,0,0,1,1,2203,224c2092-44e1-4b73-879c-d0ad0c4b4c87
376398139,64,64,64,18,2,0,0,0,2,1,1,1,0,0,0,0,0,0,1,0,0,0,0,1,1,2203,224c2092-44e1-4b73-879c-d0ad0c4b4c87
377403335,64,64,64,18,2,0,0,0,2,1,1,1,0,0,0,0,0,0,1,0,0,0,0,1,1,2203,224c2092-44e1-4b73-879c-d0ad0c4b4c87
378412222,64,64,64,18,2,0,0,0,2,1,1,1,0,0,0,0,0,0,1,0,0,0,0,1,1,2203,224c2092-44e1-4b73-879c-d0ad0c4b4c87
379419198,64,64,64,18,2,0,0,0,2,1,1,1,0,0,0,0,0,0,1,0,0,0,0,1,1,2203,224c2092-44e1-4b73-879c-d0ad0c4b4c87
380420941,64,64,64,18,2,0,0,0,2,1,1,1,0,0,0,0,0,0,1,0,0,0,0,1,1,2203,224c2092-44e1-4b73-879c-d0ad0c4b4c87
381428711,64,64,64,18,2,0,0,0,2,1,1,1,0,0,0,0,0,0,1,0,0,0,0,1,1,2203,224c2092-44e1-4b73-879c-d0ad0c4b4c87
382438227,64,64,64,18,2,0,0,0,2,1,1,1,0,0,0,0,0,0,1,0,0,0,0,1,1,2203,224c2092-44e1-4b73-879c-d0ad0c4b4c87
383439742,64,64,64,18,2,0,0,0,2,1,1,1,0,0,0,0,0,0,1,0,0,0,0,1,1,2203,224c2092-44e1-4b73-879c-d0ad0c4b4c87
384444939,64,64,64,18,2,0,0,0,2,1,1,1,0,0,0,0,0,0,1,0,0,0,0,1,1,2203,224c2092-44e1-4b73-879c-d0ad0c4b4c87
385450484,64,64,64,18,2,0,0,0,2,1,1,1,0,0,0,0,0,0,1,0,0,0,0,1,1,2203,224c2092-44e1-4b73-879c-d0ad0c4b4c87
386457932,64,64,64,18,2,0,0,0,2,1,1,1,0,0,0,0,0,0,1,0,0,0,0,1,1,2203,224c2092-44e1-4b73-879c-d0ad0c4b4c87
387459353,64,64,64,18,2,0,0,0,2,1,1,1,0,0,0,0,0,0,1,0,0,0,0,1,1,2203,224c2092-44e1-4b73-879c-d0ad0c4b4c87
388466171,64,64,64,18,2,0,0,0,2,1,1,1,0,0,0,0,0,0,1,0,0,0,0,1,1,2203,224c2092-44e1-4b73-879c-d0ad0c4b4c87
389471120,64,64,64,18,2,0,0,0,2,1,1,1,0,0,0,0,0,0,1,0,0,0,0,1,1,2203,224c2092-44e1-4b73-879c-d0ad0c4b4c87
390477525,64,64,64,18,2,0,0,0,2,1,1,1,0,0,0,0,0,0,1,0,0,0,0,1,1,2203,224c2092-44e1-4b73-879c-d0ad0c4b4c87
391487406,64,64,64,18,2,0,0,0,2,1,1,1,0,0,0,0,0,0,1,0,0,0,0,1,1,2203,224c2092-44e1-4b73-879c-d0ad0c4b4c87
392496005,64,64,64,18,2,0,0,0,2,1,1,1,0,0,0,0,0,0,1,0,0,0,0,1,1,2203,224c2092-44e1-4b73-879c-d0ad0c4b4c87
393498187,64,64,64,18,2,0,0,0,2,1,1,1,0,0,0,0,0,0,1,0,0,0,0,1,1,2203,224c2092-44e1-4b73-879c-d0ad0c4b4c87
394499251,64,64,64,18,2,0,0,0,2,1,1,1,0,0,0,0,0,0,1,0,0,0,0,1,1,2203,224c2092-44e1-4b73-879c-d0ad0c4b4c87
395500237,64,64,64,18,2,0,0,0,2,1,1,1,0,0,0,0,0,0,1,0,0,0,0,1,1,2203,224c2092-44e1-4b73-879c-d0ad0c4b4c87
396349913,64,64,64,2,2,0,0,0,2,1,1,1,0,0,0,0,0,0,1,0,0,0,0,1,1,2203,224c2092-44e1-4b73-879c-d0ad0c4b4c87
397358539,64,64,64,2,2,0,0,0,2,1,1,1,0,0,0,0,0,0,1,0,0,0,0,1,1,2203,224c2092-44e1-4b73-879c-d0ad0c4b4c87
398364267,64,64,64,2,2,0,0,0,2,1,1,1,0,0,0,0,0,0,1,0,0,0,0,1,1,2203,224c2092-44e1-4b73-879c-d0ad0c4b4c87
399372199,64,64,64,2,2,0,0,0,2,1,1,1,0,0,0,0,0,0,1,0,0,0,0,1,1,2203,224c2092-44e1-4b73-879c-d0ad0c4b4c87
400377747,64,64,64,2,2,0,0,0,2,1,1,1,0,0,0,0,0,0,1,0,0,0,0,1,1,2203,224c2092-44e1-4b73-879c-d0ad0c4b4c87
401379378,64,64,64,2,2,0,0,0,2,1,1,1,0,0,0,0,0,0,1,0,0,0,0,1,1,2203,224c2092-44e1-4b73-879c-d0ad0c4b4c87
402389637,64,64,64,2,2,0,0,0,2,1,1,1,0,0,0,0,0,0,1,0,0,0,0,1,1,2203,224c2092-44e1-4b73-879c-d0ad0c4b4c87
403394709,64,64,64,2,2,0,0,0,2,1,1,1,0,0,0,0,0,0,1,0,0,0,0,1,1,2203,224c2092-44e1-4b73-879c-d0ad0c4b4c87
404398425,64,64,64,2,2,0,0,0,2,1,1,1,0,0,0,0,0,0,1,0,0,0,0,1,1,2203,224c2092-44e1-4b73-879c-d0ad0c4b4c87
405409042,64,64,64,2,2,0,0,0,2,1,1,1,0,0,0,0,0,0,1,0,0,0,0,1,1,2203,224c2092-44e1-4b73-879c-d0ad0c4b4c87
406419010,64,64,64,2,2,0,0,0,2,1,1,1,0,0,0,0,0,0,1,0,0,0,0,1,1,2203,224c2092-44e1-4b73-879c-d0ad0c4b4c87
407427851,64,64,64,2,2,0,0,0,2,1,1,1,0,0,0,0,0,0,1,0,0,0,0,1,1,2203,224c2092-44e1-4b73-879c-d0ad0c4b4c87
408433033,64,64,64,2,2,0,0,0,2,1,1,1,0,0,0,0,0,0,1,0,0,0,0,1,1,2203,224c2092-44e1-4b73-879c-d0ad0c4b4c87
409434724,64,64,64,2,2,0,0,0,2,1,1,1,0,0,0,0,0,0,1,0,0,0,0,1,1,2203,224c2092-44e1-4b73-879c-d0ad0c4b4c87
410441169,64,64,64,2,2,0,0,0,2,1,1,1,0,0,0,0,0,0,1,0,0,0,0,1,1,2203,224c2092-44e1-4b73-879c-d0ad0c4b4c87
411450616,64,64,64,2,2,0,0,0,2,1,1,1,0,0,0,0,0,0,1,0,0,0,0,1,1,2203,224c2092-44e1-4b73-879c-d0ad0c4b4c87
412455767,64,64,64,2,2,0,0,0,2,1,1,1,0,0,0,0,0,0,1,0,0,0,0,1,1,2203,224c2092-44e1-4b73-879c-d0ad0c4b4c87
413465734,64,64,64,2,2,0,0,0,2,1,1,1,0,0,0,0,0,0,1,0,0,0,0,1,1,2203,224c2092-44e1-4b73-879c-d0ad0c4b4c87
414474853,64,64,64,2,2,0,0,0,2,1,1,1,0,0,0,0,0,0,1,0,0,0,0,1,1,2203,224c2092-44e1-4b73-879c-d0ad0c4b4c87
415484079,64,64,64,2,2,0,0,0,2,1,1,1,0,0,0,0,0,0,1,0,0,0,0,1,1,2203,224c2092-44e1-4b73-879c-d0ad0c4b4c87
416485026,64,64,64,2,2,0,0,0,2,1,1,1,0,0,0,0,0,0,1,0,0,0,0,1,1,2203,224c2092-44e1-4b73-879c-d0ad0c4b4c87
417492051,64,64,64,2,2,0,0,0,2,1,1,1,0,0,0,0,0,0,1,0,0,0,0,1,1,2203,224c2092-44e1-4b73-879c-d0ad0c4b4c87
418492864,64,64,64,2,2,0,0,0,2,1,1,1,0,0,0,0,0,0,1,0,0,0,0,1,1,2203,224c2092-44e1-4b73-879c-d0ad0c4b4c87
419493581,64,64,64,2,2,0,0,0,2,1,1,1,0,0,0,0,0,0,1,0,0,0,0,1,1,2203,224c2092-44e1-4b73-879c-d0ad0c4b4c87
420503244,64,64,64,2,2,0,0,0,2,1,1,1,0,0,0,0,0,0,1,0,0,0,0,1,1,2203,224c2092-44e1-4b73-879c-d0ad0c4b4c87
421512707,64,64,64,2,2,0,0,0,2,1,1,1,0,0,0,0,0,0,1,0,0,0,0,1,1,2203,224c2092-44e1-4b73-879c-d0ad0c4b4c87
422514507,64,64,64,2,2,0,0,0,2,1,1,1,0,0,0,0,0,0,1,0,0,0,0,1,1,2203,224c2092-44e1-4b73-879c-d0ad0c4b4c87
423517915,64,64,64,2,2,0,0,0,2,1,1,1,0,0,0,0,0,0,1,0,0,0,0,1,1,2203,224c2092-44e1-4b73-879c-d0ad0c4b4c87
424519881,64,64,64,2,2,0,0,0,2,1,1,1,0,0,0,0,0,0,1,0,0,0,0,1,1,2203,224c2092-44e1-4b73-879c-d0ad0c4b4c87
425524885,64,64,64,2,2,0,0,0,2,1,1,1,0,0,0,0,0,0,1,0,0,0,0,1,1,2203,224c2092-44e1-4b73-879c-d0ad0c4b4c87
426526651,64,64,64,2,2,0,0,0,2,1,1,1,0,0,0,0,0,0,1,0,0,0,0,1,1,2203,224c2092-44e1-4b73-879c-d0ad0c4b4c87
427537480,64,64,64,2,2,0,0,0,2,1,1,1,0,0,0,0,0,0,1,0,0,0,0,1,1,2203,224c2092-44e1-4b73-879c-d0ad0c4b4c87
428541634,64,64,64,2,2,0,0,0,2,1,1,1,0,0,0,0,0,0,1,0,0,0,0,1,1,2203,224c2092-44e1-4b73-879c-d0ad0c4b4c87
429549443,64,64,64,2,2,0,0,0,2,1,1,1,0,0,0,0,0,0,1,0,0,0,0,1,1,2203,224c2092-44e1-4b73-879c-d0ad0c4b4c87
430557065,64,64,64,2,2,0,0,0,2,1,1,1,0,0,0,0,0,0,1,0,0,0,0,1,1,2203,224c2092-44e1-4b73-879c-d0ad0c4b4c87
431564043,64,64,64,2,2,0,0,0,2,1,1,1,0,0,0,0,0,0,1,0,0,0,0,1,1,2203,224c2092-44e1-4b73-879c-d0ad0c4b4c87
432564072,64,64,64,2,2,0,0,0,2,1,1,1,0,0,0,0,0,0,1,0,0,0,0,1,1,2203,224c2092-44e1-4b73-879c-d0ad0c4b4c87
433565685,64,64,64,2,2,0,0,0,2,1,1,1,0,0,0,0,0,0,1,0,0,0,0,1,1,2203,224c2092-44e1-4b73-879c-d0ad0c4b4c87
434574947,64,64,64,2,2,0,0,0,2,1,1,1,0,0,0,0,0,0,1,0,0,0,0,1,1,2203,224c2092-44e1-4b73-879c-d0ad0c4b4c87
434586985,64,64,64,2,1,0,0,0,2,1,1,1,0,0,0,0,0,0,1,0,0,0,0,1,1,2203,224c2092-44e1-4b73-879c-d0ad0c4b4c87
