timestamp,condition_calibration_enabled,condition_system_sensors_initialized,condition_system_hotplug_timeout,condition_system_returned_to_home,condition_auto_mission_available,condition_global_position_valid,condition_home_position_valid,condition_local_position_valid,condition_local_velocity_valid,condition_local_altitude_valid,condition_power_input_valid,condition_terrain_altitude_valid,circuit_breaker_engaged_power_check,circuit_breaker_engaged_airspd_check,circuit_breaker_engaged_enginefailure_check,circuit_breaker_engaged_gpsfailure_check,circuit_breaker_flight_termination_disabled,circuit_breaker_engaged_usb_check,circuit_breaker_engaged_posfailure_check,offboard_control_signal_found_once,offboard_control_signal_lost,offboard_control_set_by_command,offboard_control_loss_timeout,rc_signal_found_once,rc_input_blocked,vtol_transition_failure,usb_connected,terrain_estimate_found_once,basestation,flight_number
59200846,0,1,1,0,1,1,1,1,1,1,1,1,1,0,1,0,1,1,0,0,0,0,0,1,0,0,0,1,2203,224c2092-44e1-4b73-879c-d0ad0c4b4c87
59696694,0,1,1,0,1,1,1,1,1,1,1,1,1,0,1,0,1,1,0,0,0,0,0,1,0,0,0,1,2203,224c2092-44e1-4b73-879c-d0ad0c4b4c87
60705691,0,1,1,0,1,1,1,1,1,1,1,1,1,0,1,0,1,1,0,0,0,0,0,1,0,0,0,1,2203,224c2092-44e1-4b73-879c-d0ad0c4b4c87
61707531,0,1,1,0,1,1,1,1,1,1,1,1,1,0,1,0,1,1,0,0,0,0,0,1,0,0,0,1,2203,224c2092-44e1-4b73-879c-d0ad0c4b4c87
62716966,0,1,1,0,1,1,1,1,1,1,1,1,1,0,1,0,1,1,0,0,0,0,0,1,0,0,0,1,2203,224c2092-44e1-4b73-879c-d0ad0c4b4c87
63717790,0,1,1,0,1,1,1,1,1,1,1,1,1,0,1,0,1,1,0,0,0,0,0,1,0,0,0,1,2203,224c2092-44e1-4b73-879c-d0ad0c4b4c87
64719903,0,1,1,0,1,1,1,1,1,1,1,1,1,0,1,0,1,1,0,0,0,0,0,1,0,0,0,1,2203,224c2092-44e1-4b73-879c-d0ad0c4b4c87
65697028,0,1,1,0,1,1,1,1,1,1,1,1,1,0,1,0,1,1,0,0,0,0,0,1,0,0,0,1,2203,224c2092-44e1-4b73-879c-d0ad0c4b4c87
66193078,0,1,1,0,1,1,1,1,1,1,1,1,1,0,1,0,1,1,0,0,0,0,0,1,0,0,0,1,2203,224c2092-44e1-4b73-879c-d0ad0c4b4c87
66696862,0,1,1,0,1,1,1,1,1,1,1,1,1,0,1,0,1,1,0,0,0,0,0,1,0,0,0,1,2203,224c2092-44e1-4b73-879c-d0ad0c4b4c87
67702606,0,1,1,0,1,1,1,1,1,1,1,1,1,0,1,0,1,1,0,0,0,0,0,1,0,0,0,1,2203,224c2092-44e1-4b73-879c-d0ad0c4b4c87
68714249,0,1,1,0,1,1,1,1,1,1,1,1,1,0,1,0,1,1,0,0,0,0,0,1,0,0,0,1,2203,224c2092-44e1-4b73-879c-d0ad0c4b4c87
69051838,0,1,1,0,1,1,1,1,1,1,1,0,1,0,1,0,1,1,0,0,0,0,0,1,0,0,0,1,2203,224c2092-44e1-4b73-879c-d0ad0c4b4c87
70052735,0,1,1,0,1,1,1,1,1,1,1,0,1,0,1,0,1,1,0,0,0,0,0,1,0,0,0,1,2203,224c2092-44e1-4b73-879c-d0ad0c4b4c87
71057541,0,1,1,0,1,1,1,1,1,1,1,0,1,0,1,0,1,1,0,0,0,0,0,1,0,0,0,1,2203,224c2092-44e1-4b73-879c-d0ad0c4b4c87
72063142,0,1,1,0,1,1,1,1,1,1,1,0,1,0,1,0,1,1,0,0,0,0,0,1,0,0,0,1,2203,224c2092-44e1-4b73-879c-d0ad0c4b4c87
73066021,0,1,1,0,1,1,1,1,1,1,1,0,1,0,1,0,1,1,0,0,0,0,0,1,0,0,0,1,2203,224c2092-44e1-4b73-879c-d0ad0c4b4c87
74066578,0,1,1,0,1,1,1,1,1,1,1,0,1,0,1,0,1,1,0,0,0,0,0,1,0,0,0,1,2203,224c2092-44e1-4b73-879c-d0ad0c4b4c87
75076102,0,1,1,0,1,1,1,1,1,1,1,0,1,0,1,0,1,1,0,0,0,0,0,1,0,0,0,1,2203,224c2092-44e1-4b73-879c-d0ad0c4b4c87
75183488,0,1,1,0,1,1,1,1,1,1,1,0,1,0,1,0,1,1,0,0,0,0,0,1,0,0,0,1,2203,224c2092-44e1-4b73-879c-d0ad0c4b4c87
76189117,0,1,1,0,1,1,1,1,1,1,1,0,1,0,1,0,1,1,0,0,0,0,0,1,0,0,0,1,2203,224c2092-44e1-4b73-879c-d0ad0c4b4c87
76210600,0,1,1,0,1,1,1,1,1,1,1,0,1,0,1,0,1,1,0,0,0,0,0,1,0,0,0,1,2203,224c2092-44e1-4b73-879c-d0ad0c4b4c87
76245036,0,1,1,0,1,1,1,1,1,1,1,0,1,0,1,0,1,1,0,0,0,0,0,1,0,0,0,1,2203,224c2092-44e1-4b73-879c-d0ad0c4b4c87
76292645,0,1,1,0,1,1,1,1,1,1,1,0,1,0,1,0,1,1,0,0,0,0,0,1,0,0,0,1,2203,224c2092-44e1-4b73-879c-d0ad0c4b4c87
76680792,0,1,1,0,1,1,1,1,1,1,1,0,1,0,1,0,1,1,0,0,1,0,1,1,0,0,0,1,2203,224c2092-44e1-4b73-879c-d0ad0c4b4c87
77687065,0,1,1,0,1,1,1,1,1,1,1,0,1,0,1,0,1,1,0,0,1,0,1,1,0,0,0,1,2203,224c2092-44e1-4b73-879c-d0ad0c4b4c87
78696091,0,1,1,0,1,1,1,1,1,1,1,0,1,0,1,0,1,1,0,0,1,0,1,1,0,0,0,1,2203,224c2092-44e1-4b73-879c-d0ad0c4b4c87
79705920,0,1,1,0,1,1,1,1,1,1,1,0,1,0,1,0,1,1,0,0,1,0,1,1,0,0,0,1,2203,224c2092-44e1-4b73-879c-d0ad0c4b4c87
80715023,0,1,1,0,1,1,1,1,1,1,1,0,1,0,1,0,1,1,0,0,1,0,1,1,0,0,0,1,2203,224c2092-44e1-4b73-879c-d0ad0c4b4c87
81724168,0,1,1,0,1,1,1,1,1,1,1,0,1,0,1,0,1,1,0,0,1,0,1,1,0,0,0,1,2203,224c2092-44e1-4b73-879c-d0ad0c4b4c87
82728808,0,1,1,0,1,1,1,1,1,1,1,0,1,0,1,0,1,1,0,0,1,0,1,1,0,0,0,1,2203,224c2092-44e1-4b73-879c-d0ad0c4b4c87
83734309,0,1,1,0,1,1,1,1,1,1,1,0,1,0,1,0,1,1,0,0,1,0,1,1,0,0,0,1,2203,224c2092-44e1-4b73-879c-d0ad0c4b4c87
84739872,0,1,1,0,1,1,1,1,1,1,1,0,1,0,1,0,1,1,0,0,1,0,1,1,0,0,0,1,2203,224c2092-44e1-4b73-879c-d0ad0c4b4c87
85741563,0,1,1,0,1,1,1,1,1,1,1,0,1,0,1,0,1,1,0,0,1,0,1,1,0,0,0,1,2203,224c2092-44e1-4b73-879c-d0ad0c4b4c87
86744036,0,1,1,0,1,1,1,1,1,1,1,0,1,0,1,0,1,1,0,0,1,0,1,1,0,0,0,1,2203,224c2092-44e1-4b73-879c-d0ad0c4b4c87
87749681,0,1,1,0,1,1,1,1,1,1,1,0,1,0,1,0,1,1,0,0,1,0,1,1,0,0,0,1,2203,224c2092-44e1-4b73-879c-d0ad0c4b4c87
88755621,0,1,1,0,1,1,1,1,1,1,1,0,1,0,1,0,1,1,0,0,1,0,1,1,0,0,0,1,2203,224c2092-44e1-4b73-879c-d0ad0c4b4c87
89759786,0,1,1,0,1,1,1,1,1,1,1,0,1,0,1,0,1,1,0,0,1,0,1,1,0,0,0,1,2203,224c2092-44e1-4b73-879c-d0ad0c4b4c87
90765455,0,1,1,0,1,1,1,1,1,1,1,0,1,0,1,0,1,1,0,0,1,0,1,1,0,0,0,1,2203,224c2092-44e1-4b73-879c-d0ad0c4b4c87
91775374,0,1,1,0,1,1,1,1,1,1,1,0,1,0,1,0,1,1,0,0,1,0,1,1,0,0,0,1,2203,224c2092-44e1-4b73-879c-d0ad0c4b4c87
92784411,0,1,1,0,1,1,1,1,1,1,1,0,1,0,1,0,1,1,0,0,1,0,1,1,0,0,0,1,2203,224c2092-44e1-4b73-879c-d0ad0c4b4c87
93794995,0,1,1,0,1,1,1,1,1,1,1,0,1,0,1,0,1,1,0,0,1,0,1,1,0,0,0,1,2203,224c2092-44e1-4b73-879c-d0ad0c4b4c87
94799631,0,1,1,0,1,1,1,1,1,1,1,0,1,0,1,0,1,1,0,0,1,0,1,1,0,0,0,1,2203,224c2092-44e1-4b73-879c-d0ad0c4b4c87
95806245,0,1,1,0,1,1,1,1,1,1,1,0,1,0,1,0,1,1,0,0,1,0,1,1,0,0,0,1,2203,224c2092-44e1-4b73-879c-d0ad0c4b4c87
96816554,0,1,1,0,1,1,1,1,1,1,1,0,1,0,1,0,1,1,0,0,1,0,1,1,0,0,0,1,2203,224c2092-44e1-4b73-879c-d0ad0c4b4c87
97817808,0,1,1,0,1,1,1,1,1,1,1,0,1,0,1,0,1,1,0,0,1,0,1,1,0,0,0,1,2203,224c2092-44e1-4b73-879c-d0ad0c4b4c87
98822865,0,1,1,0,1,1,1,1,1,1,1,0,1,0,1,0,1,1,0,0,1,0,1,1,0,0,0,1,2203,224c2092-44e1-4b73-879c-d0ad0c4b4c87
99831870,0,1,1,0,1,1,1,1,1,1,1,0,1,0,1,0,1,1,0,0,1,0,1,1,0,0,0,1,2203,224c2092-44e1-4b73-879c-d0ad0c4b4c87
100842198,0,1,1,0,1,1,1,1,1,1,1,0,1,0,1,0,1,1,0,0,1,0,1,1,0,0,0,1,2203,224c2092-44e1-4b73-879c-d0ad0c4b4c87
101843558,0,1,1,0,1,1,1,1,1,1,1,0,1,0,1,0,1,1,0,0,1,0,1,1,0,0,0,1,2203,224c2092-44e1-4b73-879c-d0ad0c4b4c87
102849451,0,1,1,0,1,1,1,1,1,1,1,0,1,0,1,0,1,1,0,0,1,0,1,1,0,0,0,1,2203,224c2092-44e1-4b73-879c-d0ad0c4b4c87
103850683,0,1,1,0,1,1,1,1,1,1,1,0,1,0,1,0,1,1,0,0,1,0,1,1,0,0,0,1,2203,224c2092-44e1-4b73-879c-d0ad0c4b4c87
104852357,0,1,1,0,1,1,1,1,1,1,1,0,1,0,1,0,1,1,0,0,1,0,1,1,0,0,0,1,2203,224c2092-44e1-4b73-879c-d0ad0c4b4c87
105858029,0,1,1,0,1,1,1,1,1,1,1,0,1,0,1,0,1,1,0,0,1,0,1,1,0,0,0,1,2203,224c2092-44e1-4b73-879c-d0ad0c4b4c87
106868442,0,1,1,0,1,1,1,1,1,1,1,0,1,0,1,0,1,1,0,0,1,0,1,1,0,0,0,1,2203,224c2092-44e1-4b73-879c-d0ad0c4b4c87
107873433,0,1,1,0,1,1,1,1,1,1,1,0,1,0,1,0,1,1,0,0,1,0,1,1,0,0,0,1,2203,224c2092-44e1-4b73-879c-d0ad0c4b4c87
108873778,0,1,1,0,1,1,1,1,1,1,1,0,1,0,1,0,1,1,0,0,1,0,1,1,0,0,0,1,2203,224c2092-44e1-4b73-879c-d0ad0c4b4c87
109883497,0,1,1,0,1,1,1,1,1,1,1,0,1,0,1,0,1,1,0,0,1,0,1,1,0,0,0,1,2203,224c2092-44e1-4b73-879c-d0ad0c4b4c87
110885928,0,1,1,0,1,1,1,1,1,1,1,0,1,0,1,0,1,1,0,0,1,0,1,1,0,0,0,1,2203,224c2092-44e1-4b73-879c-d0ad0c4b4c87
111889617,0,1,1,0,1,1,1,1,1,1,1,0,1,0,1,0,1,1,0,0,1,0,1,1,0,0,0,1,2203,224c2092-44e1-4b73-879c-d0ad0c4b4c87
112895388,0,1,1,0,1,1,1,1,1,1,1,0,1,0,1,0,1,1,0,0,1,0,1,1,0,0,0,1,2203,224c2092-44e1-4b73-879c-d0ad0c4b4c87
113904819,0,1,1,0,1,1,1,1,1,1,1,0,1,0,1,0,1,1,0,0,1,0,1,1,0,0,0,1,2203,224c2092-44e1-4b73-879c-d0ad0c4b4c87
114910554,0,1,1,0,1,1,1,1,1,1,1,0,1,0,1,0,1,1,0,0,1,0,1,1,0,0,0,1,2203,224c2092-44e1-4b73-879c-d0ad0c4b4c87
115920698,0,1,1,0,1,1,1,1,1,1,1,0,1,0,1,0,1,1,0,0,1,0,1,1,0,0,0,1,2203,224c2092-44e1-4b73-879c-d0ad0c4b4c87
116925774,0,1,1,0,1,1,1,1,1,1,1,0,1,0,1,0,1,1,0,0,1,0,1,1,0,0,0,1,2203,224c2092-44e1-4b73-879c-d0ad0c4b4c87
117932303,0,1,1,0,1,1,1,1,1,1,1,0,1,0,1,0,1,1,0,0,1,0,1,1,0,0,0,1,2203,224c2092-44e1-4b73-879c-d0ad0c4b4c87
118937096,0,1,1,0,1,1,1,1,1,1,1,0,1,0,1,0,1,1,0,0,1,0,1,1,0,0,0,1,2203,224c2092-44e1-4b73-879c-d0ad0c4b4c87
119947512,0,1,1,0,1,1,1,1,1,1,1,0,1,0,1,0,1,1,0,0,1,0,1,1,0,0,0,1,2203,224c2092-44e1-4b73-879c-d0ad0c4b4c87
120952021,0,1,1,0,1,1,1,1,1,1,1,0,1,0,1,0,1,1,0,0,1,0,1,1,0,0,0,1,2203,224c2092-44e1-4b73-879c-d0ad0c4b4c87
121957114,0,1,1,0,1,1,1,1,1,1,1,0,1,0,1,0,1,1,0,0,1,0,1,1,0,0,0,1,2203,224c2092-44e1-4b73-879c-d0ad0c4b4c87
122962730,0,1,1,0,1,1,1,1,1,1,1,0,1,0,1,0,1,1,0,0,1,0,1,1,0,0,0,1,2203,224c2092-44e1-4b73-879c-d0ad0c4b4c87
123968204,0,1,1,0,1,1,1,1,1,1,1,0,1,0,1,0,1,1,0,0,1,0,1,1,0,0,0,1,2203,224c2092-44e1-4b73-879c-d0ad0c4b4c87
124973523,0,1,1,0,1,1,1,1,1,1,1,0,1,0,1,0,1,1,0,0,1,0,1,1,0,0,0,1,2203,224c2092-44e1-4b73-879c-d0ad0c4b4c87
125979139,0,1,1,0,1,1,1,1,1,1,1,0,1,0,1,0,1,1,0,0,1,0,1,1,0,0,0,1,2203,224c2092-44e1-4b73-879c-d0ad0c4b4c87
126985463,0,1,1,0,1,1,1,1,1,1,1,0,1,0,1,0,1,1,0,0,1,0,1,1,0,0,0,1,2203,224c2092-44e1-4b73-879c-d0ad0c4b4c87
127990376,0,1,1,0,1,1,1,1,1,1,1,0,1,0,1,0,1,1,0,0,1,0,1,1,0,0,0,1,2203,224c2092-44e1-4b73-879c-d0ad0c4b4c87
128999808,0,1,1,0,1,1,1,1,1,1,1,0,1,0,1,0,1,1,0,0,1,0,1,1,0,0,0,1,2203,224c2092-44e1-4b73-879c-d0ad0c4b4c87
130009798,0,1,1,0,1,1,1,1,1,1,1,0,1,0,1,0,1,1,0,0,1,0,1,1,0,0,0,1,2203,224c2092-44e1-4b73-879c-d0ad0c4b4c87
131011830,0,1,1,0,1,1,1,1,1,1,1,0,1,0,1,0,1,1,0,0,1,0,1,1,0,0,0,1,2203,224c2092-44e1-4b73-879c-d0ad0c4b4c87
132017094,0,1,1,0,1,1,1,1,1,1,1,0,1,0,1,0,1,1,0,0,1,0,1,1,0,0,0,1,2203,224c2092-44e1-4b73-879c-d0ad0c4b4c87
133026604,0,1,1,0,1,1,1,1,1,1,1,0,1,0,1,0,1,1,0,0,1,0,1,1,0,0,0,1,2203,224c2092-44e1-4b73-879c-d0ad0c4b4c87
134031918,0,1,1,0,1,1,1,1,1,1,1,0,1,0,1,0,1,1,0,0,1,0,1,1,0,0,0,1,2203,224c2092-44e1-4b73-879c-d0ad0c4b4c87
135034262,0,1,1,0,1,1,1,1,1,1,1,0,1,0,1,0,1,1,0,0,1,0,1,1,0,0,0,1,2203,224c2092-44e1-4b73-879c-d0ad0c4b4c87
136038674,0,1,1,0,1,1,1,1,1,1,1,0,1,0,1,0,1,1,0,0,1,0,1,1,0,0,0,1,2203,224c2092-44e1-4b73-879c-d0ad0c4b4c87
137039944,0,1,1,0,1,1,1,1,1,1,1,0,1,0,1,0,1,1,0,0,1,0,1,1,0,0,0,1,2203,224c2092-44e1-4b73-879c-d0ad0c4b4c87
138044851,0,1,1,0,1,1,1,1,1,1,1,0,1,0,1,0,1,1,0,0,1,0,1,1,0,0,0,1,2203,224c2092-44e1-4b73-879c-d0ad0c4b4c87
139050268,0,1,1,0,1,1,1,1,1,1,1,0,1,0,1,0,1,1,0,0,1,0,1,1,0,0,0,1,2203,224c2092-44e1-4b73-879c-d0ad0c4b4c87
140055037,0,1,1,0,1,1,1,1,1,1,1,0,1,0,1,0,1,1,0,0,1,0,1,1,0,0,0,1,2203,224c2092-44e1-4b73-879c-d0ad0c4b4c87
140667397,0,1,1,0,1,1,1,1,1,1,1,0,1,0,1,0,1,1,0,0,1,0,1,1,0,0,0,1,2203,224c2092-44e1-4b73-879c-d0ad0c4b4c87
141673704,0,1,1,0,1,1,1,1,1,1,1,0,1,0,1,0,1,1,0,0,1,0,1,1,0,0,0,1,2203,224c2092-44e1-4b73-879c-d0ad0c4b4c87
142679103,0,1,1,0,1,1,1,1,1,1,1,0,1,0,1,0,1,1,0,0,1,0,1,1,0,0,0,1,2203,224c2092-44e1-4b73-879c-d0ad0c4b4c87
143616051,0,1,1,0,1,1,1,1,1,1,1,0,1,0,1,0,1,1,0,0,1,0,1,1,0,0,0,1,2203,224c2092-44e1-4b73-879c-d0ad0c4b4c87
143665533,0,1,1,0,1,1,1,1,1,1,1,0,1,0,1,0,1,1,0,0,1,0,1,1,0,0,0,1,2203,224c2092-44e1-4b73-879c-d0ad0c4b4c87
144667421,0,1,1,0,1,1,1,1,1,1,1,0,1,0,1,0,1,1,0,0,1,0,1,1,0,0,0,1,2203,224c2092-44e1-4b73-879c-d0ad0c4b4c87
145674806,0,1,1,0,1,1,1,1,1,1,1,0,1,0,1,0,1,1,0,0,1,0,1,1,0,0,0,1,2203,224c2092-44e1-4b73-879c-d0ad0c4b4c87
146684286,0,1,1,0,1,1,1,1,1,1,1,0,1,0,1,0,1,1,0,0,1,0,1,1,0,0,0,1,2203,224c2092-44e1-4b73-879c-d0ad0c4b4c87
147690521,0,1,1,0,1,1,1,1,1,1,1,0,1,0,1,0,1,1,0,0,1,0,1,1,0,0,0,1,2203,224c2092-44e1-4b73-879c-d0ad0c4b4c87
148695774,0,1,1,0,1,1,1,1,1,1,1,0,1,0,1,0,1,1,0,0,1,0,1,1,0,0,0,1,2203,224c2092-44e1-4b73-879c-d0ad0c4b4c87
149700810,0,1,1,0,1,1,1,1,1,1,1,0,1,0,1,0,1,1,0,0,1,0,1,1,0,0,0,1,2203,224c2092-44e1-4b73-879c-d0ad0c4b4c87
150706940,0,1,1,0,1,1,1,1,1,1,1,0,1,0,1,0,1,1,0,0,1,0,1,1,0,0,0,1,2203,224c2092-44e1-4b73-879c-d0ad0c4b4c87
151716642,0,1,1,0,1,1,1,1,1,1,1,0,1,0,1,0,1,1,0,0,1,0,1,1,0,0,0,1,2203,224c2092-44e1-4b73-879c-d0ad0c4b4c87
152717893,0,1,1,0,1,1,1,1,1,1,1,0,1,0,1,0,1,1,0,0,1,0,1,1,0,0,0,1,2203,224c2092-44e1-4b73-879c-d0ad0c4b4c87
153723054,0,1,1,0,1,1,1,1,1,1,1,0,1,0,1,0,1,1,0,0,1,0,1,1,0,0,0,1,2203,224c2092-44e1-4b73-879c-d0ad0c4b4c87
154732904,0,1,1,0,1,1,1,1,1,1,1,0,1,0,1,0,1,1,0,0,1,0,1,1,0,0,0,1,2203,224c2092-44e1-4b73-879c-d0ad0c4b4c87
155737735,0,1,1,0,1,1,1,1,1,1,1,0,1,0,1,0,1,1,0,0,1,0,1,1,0,0,0,1,2203,224c2092-44e1-4b73-879c-d0ad0c4b4c87
156743272,0,1,1,0,1,1,1,1,1,1,1,0,1,0,1,0,1,1,0,0,1,0,1,1,0,0,0,1,2203,224c2092-44e1-4b73-879c-d0ad0c4b4c87
157745302,0,1,1,0,1,1,1,1,1,1,1,0,1,0,1,0,1,1,0,0,1,0,1,1,0,0,0,1,2203,224c2092-44e1-4b73-879c-d0ad0c4b4c87
158755361,0,1,1,0,1,1,1,1,1,1,1,0,1,0,1,0,1,1,0,0,1,0,1,1,0,0,0,1,2203,224c2092-44e1-4b73-879c-d0ad0c4b4c87
159763185,0,1,1,0,1,1,1,1,1,1,1,0,1,0,1,0,1,1,0,0,1,0,1,1,0,0,0,1,2203,224c2092-44e1-4b73-879c-d0ad0c4b4c87
160765525,0,1,1,0,1,1,1,1,1,1,1,0,1,0,1,0,1,1,0,0,1,0,1,1,0,0,0,1,2203,224c2092-44e1-4b73-879c-d0ad0c4b4c87
161774561,0,1,1,0,1,1,1,1,1,1,1,0,1,0,1,0,1,1,0,0,1,0,1,1,0,0,0,1,2203,224c2092-44e1-4b73-879c-d0ad0c4b4c87
162775917,0,1,1,0,1,1,1,1,1,1,1,0,1,0,1,0,1,1,0,0,1,0,1,1,0,0,0,1,2203,224c2092-44e1-4b73-879c-d0ad0c4b4c87
163786445,0,1,1,0,1,1,1,1,1,1,1,0,1,0,1,0,1,1,0,0,1,0,1,1,0,0,0,1,2203,224c2092-44e1-4b73-879c-d0ad0c4b4c87
164787382,0,1,1,0,1,1,1,1,1,1,1,0,1,0,1,0,1,1,0,0,1,0,1,1,0,0,0,1,2203,224c2092-44e1-4b73-879c-d0ad0c4b4c87
165790525,0,1,1,0,1,1,1,1,1,1,1,0,1,0,1,0,1,1,0,0,1,0,1,1,0,0,0,1,2203,224c2092-44e1-4b73-879c-d0ad0c4b4c87
166794686,0,1,1,0,1,1,1,1,1,1,1,0,1,0,1,0,1,1,0,0,1,0,1,1,0,0,0,1,2203,224c2092-44e1-4b73-879c-d0ad0c4b4c87
167801708,0,1,1,0,1,1,1,1,1,1,1,0,1,0,1,0,1,1,0,0,1,0,1,1,0,0,0,1,2203,224c2092-44e1-4b73-879c-d0ad0c4b4c87
168813792,0,1,1,0,1,1,1,1,1,1,1,0,1,0,1,0,1,1,0,0,1,0,1,1,0,0,0,1,2203,224c2092-44e1-4b73-879c-d0ad0c4b4c87
169821880,0,1,1,0,1,1,1,1,1,1,1,0,1,0,1,0,1,1,0,0,1,0,1,1,0,0,0,1,2203,224c2092-44e1-4b73-879c-d0ad0c4b4c87
170828105,0,1,1,0,1,1,1,1,1,1,1,0,1,0,1,0,1,1,0,0,1,0,1,1,0,0,0,1,2203,224c2092-44e1-4b73-879c-d0ad0c4b4c87
171837530,0,1,1,0,1,1,1,1,1,1,1,0,1,0,1,0,1,1,0,0,1,0,1,1,0,0,0,1,2203,224c2092-44e1-4b73-879c-d0ad0c4b4c87
172842718,0,1,1,0,1,1,1,1,1,1,1,0,1,0,1,0,1,1,0,0,1,0,1,1,0,0,0,1,2203,224c2092-44e1-4b73-879c-d0ad0c4b4c87
173844232,0,1,1,0,1,1,1,1,1,1,1,0,1,0,1,0,1,1,0,0,1,0,1,1,0,0,0,1,2203,224c2092-44e1-4b73-879c-d0ad0c4b4c87
174849756,0,1,1,0,1,1,1,1,1,1,1,0,1,0,1,0,1,1,0,0,1,0,1,1,0,0,0,1,2203,224c2092-44e1-4b73-879c-d0ad0c4b4c87
175855522,0,1,1,0,1,1,1,1,1,1,1,0,1,0,1,0,1,1,0,0,1,0,1,1,0,0,0,1,2203,224c2092-44e1-4b73-879c-d0ad0c4b4c87
176860202,0,1,1,0,1,1,1,1,1,1,1,0,1,0,1,0,1,1,0,0,1,0,1,1,0,0,0,1,2203,224c2092-44e1-4b73-879c-d0ad0c4b4c87
177870575,0,1,1,0,1,1,1,1,1,1,1,0,1,0,1,0,1,1,0,0,1,0,1,1,0,0,0,1,2203,224c2092-44e1-4b73-879c-d0ad0c4b4c87
178875761,0,1,1,0,1,1,1,1,1,1,1,0,1,0,1,0,1,1,0,0,1,0,1,1,0,0,0,1,2203,224c2092-44e1-4b73-879c-d0ad0c4b4c87
179883265,0,1,1,0,1,1,1,1,1,1,1,0,1,0,1,0,1,1,0,0,1,0,1,1,0,0,0,1,2203,224c2092-44e1-4b73-879c-d0ad0c4b4c87
180888706,0,1,1,0,1,1,1,1,1,1,1,0,1,0,1,0,1,1,0,0,1,0,1,1,0,0,0,1,2203,224c2092-44e1-4b73-879c-d0ad0c4b4c87
181889767,0,1,1,0,1,1,1,1,1,1,1,0,1,0,1,0,1,1,0,0,1,0,1,1,0,0,0,1,2203,224c2092-44e1-4b73-879c-d0ad0c4b4c87
182895399,0,1,1,0,1,1,1,1,1,1,1,0,1,0,1,0,1,1,0,0,1,0,1,1,0,0,0,1,2203,224c2092-44e1-4b73-879c-d0ad0c4b4c87
183896648,0,1,1,0,1,1,1,1,1,1,1,0,1,0,1,0,1,1,0,0,1,0,1,1,0,0,0,1,2203,224c2092-44e1-4b73-879c-d0ad0c4b4c87
184898389,0,1,1,0,1,1,1,1,1,1,1,0,1,0,1,0,1,1,0,0,1,0,1,1,0,0,0,1,2203,224c2092-44e1-4b73-879c-d0ad0c4b4c87
185902656,0,1,1,0,1,1,1,1,1,1,1,0,1,0,1,0,1,1,0,0,1,0,1,1,0,0,0,1,2203,224c2092-44e1-4b73-879c-d0ad0c4b4c87
186904759,0,1,1,0,1,1,1,1,1,1,1,0,1,0,1,0,1,1,0,0,1,0,1,1,0,0,0,1,2203,224c2092-44e1-4b73-879c-d0ad0c4b4c87
187913873,0,1,1,0,1,1,1,1,1,1,1,0,1,0,1,0,1,1,0,0,1,0,1,1,0,0,0,1,2203,224c2092-44e1-4b73-879c-d0ad0c4b4c87
188924244,0,1,1,0,1,1,1,1,1,1,1,0,1,0,1,0,1,1,0,0,1,0,1,1,0,0,0,1,2203,224c2092-44e1-4b73-879c-d0ad0c4b4c87
189929705,0,1,1,0,1,1,1,1,1,1,1,0,1,0,1,0,1,1,0,0,1,0,1,1,0,0,0,1,2203,224c2092-44e1-4b73-879c-d0ad0c4b4c87
190935819,0,1,1,0,1,1,1,1,1,1,1,0,1,0,1,0,1,1,0,0,1,0,1,1,0,0,0,1,2203,224c2092-44e1-4b73-879c-d0ad0c4b4c87
191945078,0,1,1,0,1,1,1,1,1,1,1,0,1,0,1,0,1,1,0,0,1,0,1,1,0,0,0,1,2203,224c2092-44e1-4b73-879c-d0ad0c4b4c87
192949142,0,1,1,0,1,1,1,1,1,1,1,0,1,0,1,0,1,1,0,0,1,0,1,1,0,0,0,1,2203,224c2092-44e1-4b73-879c-d0ad0c4b4c87
193957893,0,1,1,0,1,1,1,1,1,1,1,0,1,0,1,0,1,1,0,0,1,0,1,1,0,0,0,1,2203,224c2092-44e1-4b73-879c-d0ad0c4b4c87
194968787,0,1,1,0,1,1,1,1,1,1,1,0,1,0,1,0,1,1,0,0,1,0,1,1,0,0,0,1,2203,224c2092-44e1-4b73-879c-d0ad0c4b4c87
195977693,0,1,1,0,1,1,1,1,1,1,1,0,1,0,1,0,1,1,0,0,1,0,1,1,0,0,0,1,2203,224c2092-44e1-4b73-879c-d0ad0c4b4c87
196637556,0,1,1,0,1,1,1,1,1,1,1,0,1,0,1,0,1,1,0,0,1,0,1,1,0,0,0,1,2203,224c2092-44e1-4b73-879c-d0ad0c4b4c87
196660991,0,1,1,0,1,1,1,1,1,1,1,0,1,0,1,0,1,1,0,0,1,0,1,1,0,0,0,1,2203,224c2092-44e1-4b73-879c-d0ad0c4b4c87
197671004,0,1,1,0,1,1,1,1,1,1,1,0,1,0,1,0,1,1,0,0,1,0,1,1,0,0,0,1,2203,224c2092-44e1-4b73-879c-d0ad0c4b4c87
198297552,0,1,1,0,1,1,1,1,1,1,1,0,1,0,1,0,1,1,0,0,1,0,1,1,0,0,0,1,2203,224c2092-44e1-4b73-879c-d0ad0c4b4c87
198308753,0,1,1,0,1,1,1,1,1,1,1,0,1,0,1,0,1,1,0,0,1,0,1,1,0,0,0,1,2203,224c2092-44e1-4b73-879c-d0ad0c4b4c87
198321394,0,1,1,0,1,1,1,1,1,1,1,0,1,0,1,0,1,1,0,0,1,0,1,1,0,0,0,1,2203,224c2092-44e1-4b73-879c-d0ad0c4b4c87
198332419,0,1,1,0,1,1,1,1,1,1,1,0,1,0,1,0,1,1,0,0,1,0,1,1,0,0,0,1,2203,224c2092-44e1-4b73-879c-d0ad0c4b4c87
198345618,0,1,1,0,1,1,1,1,1,1,1,0,1,0,1,0,1,1,0,0,1,0,1,1,0,0,0,1,2203,224c2092-44e1-4b73-879c-d0ad0c4b4c87
198356852,0,1,1,0,1,1,1,1,1,1,1,0,1,0,1,0,1,1,0,0,1,0,1,1,0,0,0,1,2203,224c2092-44e1-4b73-879c-d0ad0c4b4c87
198368807,0,1,1,0,1,1,1,1,1,1,1,0,1,0,1,0,1,1,0,0,1,0,1,1,0,0,0,1,2203,224c2092-44e1-4b73-879c-d0ad0c4b4c87
198380540,0,1,1,0,1,1,1,1,1,1,1,0,1,0,1,0,1,1,0,0,1,0,1,1,0,0,0,1,2203,224c2092-44e1-4b73-879c-d0ad0c4b4c87
198392974,0,1,1,0,1,1,1,1,1,1,1,0,1,0,1,0,1,1,0,0,1,0,1,1,0,0,0,1,2203,224c2092-44e1-4b73-879c-d0ad0c4b4c87
198404920,0,1,1,0,1,1,1,1,1,1,1,0,1,0,1,0,1,1,0,0,1,0,1,1,0,0,0,1,2203,224c2092-44e1-4b73-879c-d0ad0c4b4c87
198417654,0,1,1,0,1,1,1,1,1,1,1,0,1,0,1,0,1,1,0,0,1,0,1,1,0,0,0,1,2203,224c2092-44e1-4b73-879c-d0ad0c4b4c87
198428850,0,1,1,0,1,1,1,1,1,1,1,0,1,0,1,0,1,1,0,0,1,0,1,1,0,0,0,1,2203,224c2092-44e1-4b73-879c-d0ad0c4b4c87
198441656,0,1,1,0,1,1,1,1,1,1,1,0,1,0,1,0,1,1,0,0,1,0,1,1,0,0,0,1,2203,224c2092-44e1-4b73-879c-d0ad0c4b4c87
198452782,0,1,1,0,1,1,1,1,1,1,1,0,1,0,1,0,1,1,0,0,1,0,1,1,0,0,0,1,2203,224c2092-44e1-4b73-879c-d0ad0c4b4c87
198465361,0,1,1,0,1,1,1,1,1,1,1,0,1,0,1,0,1,1,0,0,1,0,1,1,0,0,0,1,2203,224c2092-44e1-4b73-879c-d0ad0c4b4c87
198476774,0,1,1,0,1,1,1,1,1,1,1,0,1,0,1,0,1,1,0,0,1,0,1,1,0,0,0,1,2203,224c2092-44e1-4b73-879c-d0ad0c4b4c87
198489122,0,1,1,0,1,1,1,1,1,1,1,0,1,0,1,0,1,1,0,0,1,0,1,1,0,0,0,1,2203,224c2092-44e1-4b73-879c-d0ad0c4b4c87
198500333,0,1,1,0,1,1,1,1,1,1,1,0,1,0,1,0,1,1,0,0,1,0,1,1,0,0,0,1,2203,224c2092-44e1-4b73-879c-d0ad0c4b4c87
198510671,0,1,1,0,1,1,1,1,1,1,1,0,1,0,1,0,1,1,0,0,1,0,1,1,0,0,0,1,2203,224c2092-44e1-4b73-879c-d0ad0c4b4c87
198593529,0,1,1,0,1,1,1,1,1,1,1,0,1,0,1,0,1,1,0,0,1,0,1,1,0,0,0,1,2203,224c2092-44e1-4b73-879c-d0ad0c4b4c87
198689012,0,1,1,0,1,1,1,1,1,1,1,0,1,0,1,0,1,1,0,0,1,0,1,1,0,0,0,1,2203,224c2092-44e1-4b73-879c-d0ad0c4b4c87
199693808,0,1,1,0,1,1,1,1,1,1,1,0,1,0,1,0,1,1,0,0,1,0,1,1,0,0,0,1,2203,224c2092-44e1-4b73-879c-d0ad0c4b4c87
200706516,0,1,1,0,1,1,1,1,1,1,1,0,1,0,1,0,1,1,0,0,1,0,1,1,0,0,0,1,2203,224c2092-44e1-4b73-879c-d0ad0c4b4c87
201710660,0,1,1,0,1,1,1,1,1,1,1,0,1,0,1,0,1,1,0,0,1,0,1,1,0,0,0,1,2203,224c2092-44e1-4b73-879c-d0ad0c4b4c87
202712201,0,1,1,0,1,1,1,1,1,1,1,0,1,0,1,0,1,1,0,0,1,0,1,1,0,0,0,1,2203,224c2092-44e1-4b73-879c-d0ad0c4b4c87
203718544,0,1,1,0,1,1,1,1,1,1,1,0,1,0,1,0,1,1,0,0,1,0,1,1,0,0,0,1,2203,224c2092-44e1-4b73-879c-d0ad0c4b4c87
204727893,0,1,1,0,1,1,1,1,1,1,1,0,1,0,1,0,1,1,0,0,1,0,1,1,0,0,0,1,2203,224c2092-44e1-4b73-879c-d0ad0c4b4c87
205735012,0,1,1,0,1,1,1,1,1,1,1,0,1,0,1,0,1,1,0,0,1,0,1,1,0,0,0,1,2203,224c2092-44e1-4b73-879c-d0ad0c4b4c87
206744899,0,1,1,0,1,1,1,1,1,1,1,0,1,0,1,0,1,1,0,0,1,0,1,1,0,0,0,1,2203,224c2092-44e1-4b73-879c-d0ad0c4b4c87
207748937,0,1,1,0,1,1,1,1,1,1,1,0,1,0,1,0,1,1,0,0,1,0,1,1,0,0,0,1,2203,224c2092-44e1-4b73-879c-d0ad0c4b4c87
208753808,0,1,1,0,1,1,1,1,1,1,1,0,1,0,1,0,1,1,0,0,1,0,1,1,0,0,0,1,2203,224c2092-44e1-4b73-879c-d0ad0c4b4c87
209756554,0,1,1,0,1,1,1,1,1,1,1,0,1,0,1,0,1,1,0,0,1,0,1,1,0,0,0,1,2203,224c2092-44e1-4b73-879c-d0ad0c4b4c87
210766314,0,1,1,0,1,1,1,1,1,1,1,0,1,0,1,0,1,1,0,0,1,0,1,1,0,0,0,1,2203,224c2092-44e1-4b73-879c-d0ad0c4b4c87
211771875,0,1,1,0,1,1,1,1,1,1,1,0,1,0,1,0,1,1,0,0,1,0,1,1,0,0,0,1,2203,224c2092-44e1-4b73-879c-d0ad0c4b4c87
212773391,0,1,1,0,1,1,1,1,1,1,1,0,1,0,1,0,1,1,0,0,1,0,1,1,0,0,0,1,2203,224c2092-44e1-4b73-879c-d0ad0c4b4c87
213779564,0,1,1,0,1,1,1,1,1,1,1,0,1,0,1,0,1,1,0,0,1,0,1,1,0,0,0,1,2203,224c2092-44e1-4b73-879c-d0ad0c4b4c87
214788278,0,1,1,0,1,1,1,1,1,1,1,0,1,0,1,0,1,1,0,0,1,0,1,1,0,0,0,1,2203,224c2092-44e1-4b73-879c-d0ad0c4b4c87
215793921,0,1,1,0,1,1,1,1,1,1,1,0,1,0,1,0,1,1,0,0,1,0,1,1,0,0,0,1,2203,224c2092-44e1-4b73-879c-d0ad0c4b4c87
216802999,0,1,1,0,1,1,1,1,1,1,1,0,1,0,1,0,1,1,0,0,1,0,1,1,0,0,0,1,2203,224c2092-44e1-4b73-879c-d0ad0c4b4c87
217804849,0,1,1,0,1,1,1,1,1,1,1,0,1,0,1,0,1,1,0,0,1,0,1,1,0,0,0,1,2203,224c2092-44e1-4b73-879c-d0ad0c4b4c87
218811437,0,1,1,0,1,1,1,1,1,1,1,0,1,0,1,0,1,1,0,0,1,0,1,1,0,0,0,1,2203,224c2092-44e1-4b73-879c-d0ad0c4b4c87
219820097,0,1,1,0,1,1,1,1,1,1,1,0,1,0,1,0,1,1,0,0,1,0,1,1,0,0,0,1,2203,224c2092-44e1-4b73-879c-d0ad0c4b4c87
220829928,0,1,1,0,1,1,1,1,1,1,1,0,1,0,1,0,1,1,0,0,1,0,1,1,0,0,0,1,2203,224c2092-44e1-4b73-879c-d0ad0c4b4c87
221839496,0,1,1,0,1,1,1,1,1,1,1,0,1,0,1,0,1,1,0,0,1,0,1,1,0,0,0,1,2203,224c2092-44e1-4b73-879c-d0ad0c4b4c87
222841026,0,1,1,0,1,1,1,1,1,1,1,0,1,0,1,0,1,1,0,0,1,0,1,1,0,0,0,1,2203,224c2092-44e1-4b73-879c-d0ad0c4b4c87
223849523,0,1,1,0,1,1,1,1,1,1,1,0,1,0,1,0,1,1,0,0,1,0,1,1,0,0,0,1,2203,224c2092-44e1-4b73-879c-d0ad0c4b4c87
224854549,0,1,1,0,1,1,1,1,1,1,1,0,1,0,1,0,1,1,0,0,1,0,1,1,0,0,0,1,2203,224c2092-44e1-4b73-879c-d0ad0c4b4c87
225863892,0,1,1,0,1,1,1,1,1,1,1,0,1,0,1,0,1,1,0,0,1,0,1,1,0,0,0,1,2203,224c2092-44e1-4b73-879c-d0ad0c4b4c87
226868821,0,1,1,0,1,1,1,1,1,1,1,0,1,0,1,0,1,1,0,0,1,0,1,1,0,0,0,1,2203,224c2092-44e1-4b73-879c-d0ad0c4b4c87
227875328,0,1,1,0,1,1,1,1,1,1,1,0,1,0,1,0,1,1,0,0,1,0,1,1,0,0,0,1,2203,224c2092-44e1-4b73-879c-d0ad0c4b4c87
228883891,0,1,1,0,1,1,1,1,1,1,1,0,1,0,1,0,1,1,0,0,1,0,1,1,0,0,0,1,2203,224c2092-44e1-4b73-879c-d0ad0c4b4c87
229892194,0,1,1,0,1,1,1,1,1,1,1,0,1,0,1,0,1,1,0,0,1,0,1,1,0,0,0,1,2203,224c2092-44e1-4b73-879c-d0ad0c4b4c87
230893584,0,1,1,0,1,1,1,1,1,1,1,0,1,0,1,0,1,1,0,0,1,0,1,1,0,0,0,1,2203,224c2092-44e1-4b73-879c-d0ad0c4b4c87
231902566,0,1,1,0,1,1,1,1,1,1,1,0,1,0,1,0,1,1,0,0,1,0,1,1,0,0,0,1,2203,224c2092-44e1-4b73-879c-d0ad0c4b4c87
232909927,0,1,1,0,1,1,1,1,1,1,1,0,1,0,1,0,1,1,0,0,1,0,1,1,0,0,0,1,2203,224c2092-44e1-4b73-879c-d0ad0c4b4c87
233910649,0,1,1,0,1,1,1,1,1,1,1,0,1,0,1,0,1,1,0,0,1,0,1,1,0,0,0,1,2203,224c2092-44e1-4b73-879c-d0ad0c4b4c87
234918852,0,1,1,0,1,1,1,1,1,1,1,0,1,0,1,0,1,1,0,0,1,0,1,1,0,0,0,1,2203,224c2092-44e1-4b73-879c-d0ad0c4b4c87
235927977,0,1,1,0,1,1,1,1,1,1,1,0,1,0,1,0,1,1,0,0,1,0,1,1,0,0,0,1,2203,224c2092-44e1-4b73-879c-d0ad0c4b4c87
236930671,0,1,1,0,1,1,1,1,1,1,1,0,1,0,1,0,1,1,0,0,1,0,1,1,0,0,0,1,2203,224c2092-44e1-4b73-879c-d0ad0c4b4c87
237939469,0,1,1,0,1,1,1,1,1,1,1,0,1,0,1,0,1,1,0,0,1,0,1,1,0,0,0,1,2203,224c2092-44e1-4b73-879c-d0ad0c4b4c87
238945391,0,1,1,0,1,1,1,1,1,1,1,0,1,0,1,0,1,1,0,0,1,0,1,1,0,0,0,1,2203,224c2092-44e1-4b73-879c-d0ad0c4b4c87
239946572,0,1,1,0,1,1,1,1,1,1,1,0,1,0,1,0,1,1,0,0,1,0,1,1,0,0,0,1,2203,224c2092-44e1-4b73-879c-d0ad0c4b4c87
240948540,0,1,1,0,1,1,1,1,1,1,1,0,1,0,1,0,1,1,0,0,1,0,1,1,0,0,0,1,2203,224c2092-44e1-4b73-879c-d0ad0c4b4c87
241953158,0,1,1,0,1,1,1,1,1,1,1,0,1,0,1,0,1,1,0,0,1,0,1,1,0,0,0,1,2203,224c2092-44e1-4b73-879c-d0ad0c4b4c87
242955071,0,1,1,0,1,1,1,1,1,1,1,0,1,0,1,0,1,1,0,0,1,0,1,1,0,0,0,1,2203,224c2092-44e1-4b73-879c-d0ad0c4b4c87
243964192,0,1,1,0,1,1,1,1,1,1,1,0,1,0,1,0,1,1,0,0,1,0,1,1,0,0,0,1,2203,224c2092-44e1-4b73-879c-d0ad0c4b4c87
244969776,0,1,1,0,1,1,1,1,1,1,1,0,1,0,1,0,1,1,0,0,1,0,1,1,0,0,0,1,2203,224c2092-44e1-4b73-879c-d0ad0c4b4c87
245975120,0,1,1,0,1,1,1,1,1,1,1,0,1,0,1,0,1,1,0,0,1,0,1,1,0,0,0,1,2203,224c2092-44e1-4b73-879c-d0ad0c4b4c87
246982022,0,1,1,0,1,1,1,1,1,1,1,0,1,0,1,0,1,1,0,0,1,0,1,1,0,0,0,1,2203,224c2092-44e1-4b73-879c-d0ad0c4b4c87
247990583,0,1,1,0,1,1,1,1,1,1,1,0,1,0,1,0,1,1,0,0,1,0,1,1,0,0,0,1,2203,224c2092-44e1-4b73-879c-d0ad0c4b4c87
248990698,0,1,1,0,1,1,1,1,1,1,1,0,1,0,1,0,1,1,0,0,1,0,1,1,0,0,0,1,2203,224c2092-44e1-4b73-879c-d0ad0c4b4c87
249995946,0,1,1,0,1,1,1,1,1,1,1,0,1,0,1,0,1,1,0,0,1,0,1,1,0,0,0,1,2203,224c2092-44e1-4b73-879c-d0ad0c4b4c87
250997760,0,1,1,0,1,1,1,1,1,1,1,0,1,0,1,0,1,1,0,0,1,0,1,1,0,0,0,1,2203,224c2092-44e1-4b73-879c-d0ad0c4b4c87
251999373,0,1,1,0,1,1,1,1,1,1,1,0,1,0,1,0,1,1,0,0,1,0,1,1,0,0,0,1,2203,224c2092-44e1-4b73-879c-d0ad0c4b4c87
253004701,0,1,1,0,1,1,1,1,1,1,1,0,1,0,1,0,1,1,0,0,1,0,1,1,0,0,0,1,2203,224c2092-44e1-4b73-879c-d0ad0c4b4c87
254013815,0,1,1,0,1,1,1,1,1,1,1,0,1,0,1,0,1,1,0,0,1,0,1,1,0,0,0,1,2203,224c2092-44e1-4b73-879c-d0ad0c4b4c87
255021402,0,1,1,0,1,1,1,1,1,1,1,0,1,0,1,0,1,1,0,0,1,0,1,1,0,0,0,1,2203,224c2092-44e1-4b73-879c-d0ad0c4b4c87
256022263,0,1,1,0,1,1,1,1,1,1,1,0,1,0,1,0,1,1,0,0,1,0,1,1,0,0,0,1,2203,224c2092-44e1-4b73-879c-d0ad0c4b4c87
257035386,0,1,1,0,1,1,1,1,1,1,1,0,1,0,1,0,1,1,0,0,1,0,1,1,0,0,0,1,2203,224c2092-44e1-4b73-879c-d0ad0c4b4c87
258044707,0,1,1,0,1,1,1,1,1,1,1,0,1,0,1,0,1,1,0,0,1,0,1,1,0,0,0,1,2203,224c2092-44e1-4b73-879c-d0ad0c4b4c87
259053686,0,1,1,0,1,1,1,1,1,1,1,0,1,0,1,0,1,1,0,0,1,0,1,1,0,0,0,1,2203,224c2092-44e1-4b73-879c-d0ad0c4b4c87
260059345,0,1,1,0,1,1,1,1,1,1,1,0,1,0,1,0,1,1,0,0,1,0,1,1,0,0,0,1,2203,224c2092-44e1-4b73-879c-d0ad0c4b4c87
261064418,0,1,1,0,1,1,1,1,1,1,1,0,1,0,1,0,1,1,0,0,1,0,1,1,0,0,0,1,2203,224c2092-44e1-4b73-879c-d0ad0c4b4c87
262075462,0,1,1,0,1,1,1,1,1,1,1,0,1,0,1,0,1,1,0,0,1,0,1,1,0,0,0,1,2203,224c2092-44e1-4b73-879c-d0ad0c4b4c87
263085036,0,1,1,0,1,1,1,1,1,1,1,0,1,0,1,0,1,1,0,0,1,0,1,1,0,0,0,1,2203,224c2092-44e1-4b73-879c-d0ad0c4b4c87
264093408,0,1,1,0,1,1,1,1,1,1,1,0,1,0,1,0,1,1,0,0,1,0,1,1,0,0,0,1,2203,224c2092-44e1-4b73-879c-d0ad0c4b4c87
265103186,0,1,1,0,1,1,1,1,1,1,1,0,1,0,1,0,1,1,0,0,1,0,1,1,0,0,0,1,2203,224c2092-44e1-4b73-879c-d0ad0c4b4c87
266108669,0,1,1,0,1,1,1,1,1,1,1,0,1,0,1,0,1,1,0,0,1,0,1,1,0,0,0,1,2203,224c2092-44e1-4b73-879c-d0ad0c4b4c87
267115413,0,1,1,0,1,1,1,1,1,1,1,0,1,0,1,0,1,1,0,0,1,0,1,1,0,0,0,1,2203,224c2092-44e1-4b73-879c-d0ad0c4b4c87
268120036,0,1,1,0,1,1,1,1,1,1,1,0,1,0,1,0,1,1,0,0,1,0,1,1,0,0,0,1,2203,224c2092-44e1-4b73-879c-d0ad0c4b4c87
269122968,0,1,1,0,1,1,1,1,1,1,1,0,1,0,1,0,1,1,0,0,1,0,1,1,0,0,0,1,2203,224c2092-44e1-4b73-879c-d0ad0c4b4c87
270126013,0,1,1,0,1,1,1,1,1,1,1,0,1,0,1,0,1,1,0,0,1,0,1,1,0,0,0,1,2203,224c2092-44e1-4b73-879c-d0ad0c4b4c87
271128146,0,1,1,0,1,1,1,1,1,1,1,0,1,0,1,0,1,1,0,0,1,0,1,1,0,0,0,1,2203,224c2092-44e1-4b73-879c-d0ad0c4b4c87
272135529,0,1,1,0,1,1,1,1,1,1,1,0,1,0,1,0,1,1,0,0,1,0,1,1,0,0,0,1,2203,224c2092-44e1-4b73-879c-d0ad0c4b4c87
273147469,0,1,1,0,1,1,1,1,1,1,1,0,1,0,1,0,1,1,0,0,1,0,1,1,0,0,0,1,2203,224c2092-44e1-4b73-879c-d0ad0c4b4c87
274156199,0,1,1,0,1,1,1,1,1,1,1,0,1,0,1,0,1,1,0,0,1,0,1,1,0,0,0,1,2203,224c2092-44e1-4b73-879c-d0ad0c4b4c87
275166181,0,1,1,0,1,1,1,1,1,1,1,0,1,0,1,0,1,1,0,0,1,0,1,1,0,0,0,1,2203,224c2092-44e1-4b73-879c-d0ad0c4b4c87
276175112,0,1,1,0,1,1,1,1,1,1,1,0,1,0,1,0,1,1,0,0,1,0,1,1,0,0,0,1,2203,224c2092-44e1-4b73-879c-d0ad0c4b4c87
277181521,0,1,1,0,1,1,1,1,1,1,1,0,1,0,1,0,1,1,0,0,1,0,1,1,0,0,0,1,2203,224c2092-44e1-4b73-879c-d0ad0c4b4c87
278189825,0,1,1,0,1,1,1,1,1,1,1,0,1,0,1,0,1,1,0,0,1,0,1,1,0,0,0,1,2203,224c2092-44e1-4b73-879c-d0ad0c4b4c87
279192041,0,1,1,0,1,1,1,1,1,1,1,0,1,0,1,0,1,1,0,0,1,0,1,1,0,0,0,1,2203,224c2092-44e1-4b73-879c-d0ad0c4b4c87
280201541,0,1,1,0,1,1,1,1,1,1,1,0,1,0,1,0,1,1,0,0,1,0,1,1,0,0,0,1,2203,224c2092-44e1-4b73-879c-d0ad0c4b4c87
281207796,0,1,1,0,1,1,1,1,1,1,1,0,1,0,1,0,1,1,0,0,1,0,1,1,0,0,0,1,2203,224c2092-44e1-4b73-879c-d0ad0c4b4c87
282209000,0,1,1,0,1,1,1,1,1,1,1,0,1,0,1,0,1,1,0,0,1,0,1,1,0,0,0,1,2203,224c2092-44e1-4b73-879c-d0ad0c4b4c87
282897028,0,1,1,0,1,1,1,1,1,1,1,0,1,0,1,0,1,1,0,0,1,0,1,1,0,0,0,1,2203,224c2092-44e1-4b73-879c-d0ad0c4b4c87
282918537,0,1,1,0,1,1,1,1,1,1,1,0,1,0,1,0,1,1,0,0,1,0,1,1,0,0,0,1,2203,224c2092-44e1-4b73-879c-d0ad0c4b4c87
283930558,0,1,1,0,1,1,1,1,1,1,1,0,1,0,1,0,1,1,0,0,1,0,1,1,0,0,0,1,2203,224c2092-44e1-4b73-879c-d0ad0c4b4c87
284940051,0,1,1,0,1,1,1,1,1,1,1,0,1,0,1,0,1,1,0,0,1,0,1,1,0,0,0,1,2203,224c2092-44e1-4b73-879c-d0ad0c4b4c87
285023769,0,1,1,0,1,1,1,1,1,1,1,0,1,0,1,0,1,1,0,0,1,0,1,1,0,0,0,1,2203,224c2092-44e1-4b73-879c-d0ad0c4b4c87
286035123,0,1,1,0,1,1,1,1,1,1,1,0,1,0,1,0,1,1,0,0,1,0,1,1,0,0,0,1,2203,224c2092-44e1-4b73-879c-d0ad0c4b4c87
286643773,0,1,1,0,1,1,1,1,1,1,1,0,1,0,1,0,1,1,0,0,1,0,1,1,0,0,0,1,2203,224c2092-44e1-4b73-879c-d0ad0c4b4c87
286655133,0,1,1,0,1,1,1,1,1,1,1,0,1,0,1,0,1,1,0,0,1,0,1,1,0,0,0,1,2203,224c2092-44e1-4b73-879c-d0ad0c4b4c87
286679035,0,1,1,0,1,1,1,1,1,1,1,0,1,0,1,0,1,1,0,0,1,0,1,1,0,0,0,1,2203,224c2092-44e1-4b73-879c-d0ad0c4b4c87
286691262,0,1,1,0,1,1,1,1,1,1,1,0,1,0,1,0,1,1,0,0,1,0,1,1,0,0,0,1,2203,224c2092-44e1-4b73-879c-d0ad0c4b4c87
287693118,0,1,1,0,1,1,1,1,1,1,1,0,1,0,1,0,1,1,0,0,1,0,1,1,0,0,0,1,2203,224c2092-44e1-4b73-879c-d0ad0c4b4c87
288702162,0,1,1,0,1,1,1,1,1,1,1,0,1,0,1,0,1,1,0,0,1,0,1,1,0,0,0,1,2203,224c2092-44e1-4b73-879c-d0ad0c4b4c87
289704108,0,1,1,0,1,1,1,1,1,1,1,0,1,0,1,0,1,1,0,0,1,0,1,1,0,0,0,1,2203,224c2092-44e1-4b73-879c-d0ad0c4b4c87
290709460,0,1,1,0,1,1,1,1,1,1,1,0,1,0,1,0,1,1,0,0,1,0,1,1,0,0,0,1,2203,224c2092-44e1-4b73-879c-d0ad0c4b4c87
291718981,0,1,1,0,1,1,1,1,1,1,1,0,1,0,1,0,1,1,0,0,1,0,1,1,0,0,0,1,2203,224c2092-44e1-4b73-879c-d0ad0c4b4c87
292720562,0,1,1,0,1,1,1,1,1,1,1,0,1,0,1,0,1,1,0,0,1,0,1,1,0,0,0,1,2203,224c2092-44e1-4b73-879c-d0ad0c4b4c87
293726483,0,1,1,0,1,1,1,1,1,1,1,0,1,0,1,0,1,1,0,0,1,0,1,1,0,0,0,1,2203,224c2092-44e1-4b73-879c-d0ad0c4b4c87
294731762,0,1,1,0,1,1,1,1,1,1,1,0,1,0,1,0,1,1,0,0,1,0,1,1,0,0,0,1,2203,224c2092-44e1-4b73-879c-d0ad0c4b4c87
295736686,0,1,1,0,1,1,1,1,1,1,1,0,1,0,1,0,1,1,0,0,1,0,1,1,0,0,0,1,2203,224c2092-44e1-4b73-879c-d0ad0c4b4c87
296738512,0,1,1,0,1,1,1,1,1,1,1,0,1,0,1,0,1,1,0,0,1,0,1,1,0,0,0,1,2203,224c2092-44e1-4b73-879c-d0ad0c4b4c87
297743897,0,1,1,0,1,1,1,1,1,1,1,0,1,0,1,0,1,1,0,0,1,0,1,1,0,0,0,1,2203,224c2092-44e1-4b73-879c-d0ad0c4b4c87
298751553,0,1,1,0,1,1,1,1,1,1,1,0,1,0,1,0,1,1,0,0,1,0,1,1,0,0,0,1,2203,224c2092-44e1-4b73-879c-d0ad0c4b4c87
299763329,0,1,1,0,1,1,1,1,1,1,1,0,1,0,1,0,1,1,0,0,1,0,1,1,0,0,0,1,2203,224c2092-44e1-4b73-879c-d0ad0c4b4c87
300769057,0,1,1,0,1,1,1,1,1,1,1,0,1,0,1,0,1,1,0,0,1,0,1,1,0,0,0,1,2203,224c2092-44e1-4b73-879c-d0ad0c4b4c87
301771130,0,1,1,0,1,1,1,1,1,1,1,0,1,0,1,0,1,1,0,0,1,0,1,1,0,0,0,1,2203,224c2092-44e1-4b73-879c-d0ad0c4b4c87
302772206,0,1,1,0,1,1,1,1,1,1,1,0,1,0,1,0,1,1,0,0,1,0,1,1,0,0,0,1,2203,224c2092-44e1-4b73-879c-d0ad0c4b4c87
303781107,0,1,1,0,1,1,1,1,1,1,1,0,1,0,1,0,1,1,0,0,1,0,1,1,0,0,0,1,2203,224c2092-44e1-4b73-879c-d0ad0c4b4c87
304791126,0,1,1,0,1,1,1,1,1,1,1,0,1,0,1,0,1,1,0,0,1,0,1,1,0,0,0,1,2203,224c2092-44e1-4b73-879c-d0ad0c4b4c87
305792599,0,1,1,0,1,1,1,1,1,1,1,0,1,0,1,0,1,1,0,0,1,0,1,1,0,0,0,1,2203,224c2092-44e1-4b73-879c-d0ad0c4b4c87
306797888,0,1,1,0,1,1,1,1,1,1,1,0,1,0,1,0,1,1,0,0,1,0,1,1,0,0,0,1,2203,224c2092-44e1-4b73-879c-d0ad0c4b4c87
307799751,0,1,1,0,1,1,1,1,1,1,1,0,1,0,1,0,1,1,0,0,1,0,1,1,0,0,0,1,2203,224c2092-44e1-4b73-879c-d0ad0c4b4c87
308806508,0,1,1,0,1,1,1,1,1,1,1,0,1,0,1,0,1,1,0,0,1,0,1,1,0,0,0,1,2203,224c2092-44e1-4b73-879c-d0ad0c4b4c87
309811928,0,1,1,0,1,1,1,1,1,1,1,0,1,0,1,0,1,1,0,0,1,0,1,1,0,0,0,1,2203,224c2092-44e1-4b73-879c-d0ad0c4b4c87
310816609,0,1,1,0,1,1,1,1,1,1,1,0,1,0,1,0,1,1,0,0,1,0,1,1,0,0,0,1,2203,224c2092-44e1-4b73-879c-d0ad0c4b4c87
311827070,0,1,1,0,1,1,1,1,1,1,1,0,1,0,1,0,1,1,0,0,1,0,1,1,0,0,0,1,2203,224c2092-44e1-4b73-879c-d0ad0c4b4c87
312835835,0,1,1,0,1,1,1,1,1,1,1,0,1,0,1,0,1,1,0,0,1,0,1,1,0,0,0,1,2203,224c2092-44e1-4b73-879c-d0ad0c4b4c87
313838510,0,1,1,0,1,1,1,1,1,1,1,0,1,0,1,0,1,1,0,0,1,0,1,1,0,0,0,1,2203,224c2092-44e1-4b73-879c-d0ad0c4b4c87
314842991,0,1,1,0,1,1,1,1,1,1,1,0,1,0,1,0,1,1,0,0,1,0,1,1,0,0,0,1,2203,224c2092-44e1-4b73-879c-d0ad0c4b4c87
315844258,0,1,1,0,1,1,1,1,1,1,1,0,1,0,1,0,1,1,0,0,1,0,1,1,0,0,0,1,2203,224c2092-44e1-4b73-879c-d0ad0c4b4c87
316850401,0,1,1,0,1,1,1,1,1,1,1,0,1,0,1,0,1,1,0,0,1,0,1,1,0,0,0,1,2203,224c2092-44e1-4b73-879c-d0ad0c4b4c87
317860994,0,1,1,0,1,1,1,1,1,1,1,0,1,0,1,0,1,1,0,0,1,0,1,1,0,0,0,1,2203,224c2092-44e1-4b73-879c-d0ad0c4b4c87
318031297,0,1,1,0,1,1,1,1,1,1,1,0,1,0,1,0,1,1,0,0,1,0,1,1,0,0,0,1,2203,224c2092-44e1-4b73-879c-d0ad0c4b4c87
318054689,0,1,1,0,1,1,1,1,1,1,1,0,1,0,1,0,1,1,0,0,1,0,1,1,0,0,0,1,2203,224c2092-44e1-4b73-879c-d0ad0c4b4c87
319055883,0,1,1,0,1,1,1,1,1,1,1,0,1,0,1,0,1,1,0,0,1,0,1,1,0,0,0,1,2203,224c2092-44e1-4b73-879c-d0ad0c4b4c87
320061399,0,1,1,0,1,1,1,1,1,1,1,0,1,0,1,0,1,1,0,0,1,0,1,1,0,0,0,1,2203,224c2092-44e1-4b73-879c-d0ad0c4b4c87
321071207,0,1,1,0,1,1,1,1,1,1,1,0,1,0,1,0,1,1,0,0,1,0,1,1,0,0,0,1,2203,224c2092-44e1-4b73-879c-d0ad0c4b4c87
322073034,0,1,1,0,1,1,1,1,1,1,1,0,1,0,1,0,1,1,0,0,1,0,1,1,0,0,0,1,2203,224c2092-44e1-4b73-879c-d0ad0c4b4c87
323078193,0,1,1,0,1,1,1,1,1,1,1,0,1,0,1,0,1,1,0,0,1,0,1,1,0,0,0,1,2203,224c2092-44e1-4b73-879c-d0ad0c4b4c87
324084040,0,1,1,0,1,1,1,1,1,1,1,0,1,0,1,0,1,1,0,0,1,0,1,1,0,0,0,1,2203,224c2092-44e1-4b73-879c-d0ad0c4b4c87
325085109,0,1,1,0,1,1,1,1,1,1,1,0,1,0,1,0,1,1,0,0,1,0,1,1,0,0,0,1,2203,224c2092-44e1-4b73-879c-d0ad0c4b4c87
326085920,0,1,1,0,1,1,1,1,1,1,1,0,1,0,1,0,1,1,0,0,1,0,1,1,0,0,0,1,2203,224c2092-44e1-4b73-879c-d0ad0c4b4c87
327093684,0,1,1,0,1,1,1,1,1,1,1,0,1,0,1,0,1,1,0,0,1,0,1,1,0,0,0,1,2203,224c2092-44e1-4b73-879c-d0ad0c4b4c87
328099526,0,1,1,0,1,1,1,1,1,1,1,0,1,0,1,0,1,1,0,0,1,0,1,1,0,0,0,1,2203,224c2092-44e1-4b73-879c-d0ad0c4b4c87
329106526,0,1,1,0,1,1,1,1,1,1,1,0,1,0,1,0,1,1,0,0,1,0,1,1,0,0,0,1,2203,224c2092-44e1-4b73-879c-d0ad0c4b4c87
330108679,0,1,1,0,1,1,1,1,1,1,1,0,1,0,1,0,1,1,0,0,1,0,1,1,0,0,0,1,2203,224c2092-44e1-4b73-879c-d0ad0c4b4c87
331109820,0,1,1,0,1,1,1,1,1,1,1,0,1,0,1,0,1,1,0,0,1,0,1,1,0,0,0,1,2203,224c2092-44e1-4b73-879c-d0ad0c4b4c87
332120163,0,1,1,0,1,1,1,1,1,1,1,0,1,0,1,0,1,1,0,0,1,0,1,1,0,0,0,1,2203,224c2092-44e1-4b73-879c-d0ad0c4b4c87
333121530,0,1,1,0,1,1,1,1,1,1,1,0,1,0,1,0,1,1,0,0,1,0,1,1,0,0,0,1,2203,224c2092-44e1-4b73-879c-d0ad0c4b4c87
334126564,0,1,1,0,1,1,1,1,1,1,1,0,1,0,1,0,1,1,0,0,1,0,1,1,0,0,0,1,2203,224c2092-44e1-4b73-879c-d0ad0c4b4c87
335133828,0,1,1,0,1,1,1,1,1,1,1,0,1,0,1,0,1,1,0,0,1,0,1,1,0,0,0,1,2203,224c2092-44e1-4b73-879c-d0ad0c4b4c87
336144686,0,1,1,0,1,1,1,1,1,1,1,0,1,0,1,0,1,1,0,0,1,0,1,1,0,0,0,1,2203,224c2092-44e1-4b73-879c-d0ad0c4b4c87
337147398,0,1,1,0,1,1,1,1,1,1,1,0,1,0,1,0,1,1,0,0,1,0,1,1,0,0,0,1,2203,224c2092-44e1-4b73-879c-d0ad0c4b4c87
338153535,0,1,1,0,1,1,1,1,1,1,1,0,1,0,1,0,1,1,0,0,1,0,1,1,0,0,0,1,2203,224c2092-44e1-4b73-879c-d0ad0c4b4c87
339162701,0,1,1,0,1,1,1,1,1,1,1,0,1,0,1,0,1,1,0,0,1,0,1,1,0,0,0,1,2203,224c2092-44e1-4b73-879c-d0ad0c4b4c87
340165036,0,1,1,0,1,1,1,1,1,1,1,0,1,0,1,0,1,1,0,0,1,0,1,1,0,0,0,1,2203,224c2092-44e1-4b73-879c-d0ad0c4b4c87
341177582,0,1,1,0,1,1,1,1,1,1,1,0,1,0,1,0,1,1,0,0,1,0,1,1,0,0,0,1,2203,224c2092-44e1-4b73-879c-d0ad0c4b4c87
342185169,0,1,1,0,1,1,1,1,1,1,1,0,1,0,1,0,1,1,0,0,1,0,1,1,0,0,0,1,2203,224c2092-44e1-4b73-879c-d0ad0c4b4c87
343194700,0,1,1,0,1,1,1,1,1,1,1,0,1,0,1,0,1,1,0,0,1,0,1,1,0,0,0,1,2203,224c2092-44e1-4b73-879c-d0ad0c4b4c87
344199503,0,1,1,0,1,1,1,1,1,1,1,0,1,0,1,0,1,1,0,0,1,0,1,1,0,0,0,1,2203,224c2092-44e1-4b73-879c-d0ad0c4b4c87
345205528,0,1,1,0,1,1,1,1,1,1,1,0,1,0,1,0,1,1,0,0,1,0,1,1,0,0,0,1,2203,224c2092-44e1-4b73-879c-d0ad0c4b4c87
346214671,0,1,1,0,1,1,1,1,1,1,1,0,1,0,1,0,1,1,0,0,1,0,1,1,0,0,0,1,2203,224c2092-44e1-4b73-879c-d0ad0c4b4c87
347218162,0,1,1,0,1,1,1,1,1,1,1,0,1,0,1,0,1,1,0,0,1,0,1,1,0,0,0,1,2203,224c2092-44e1-4b73-879c-d0ad0c4b4c87
348219272,0,1,1,0,1,1,1,1,1,1,1,0,1,0,1,0,1,1,0,0,1,0,1,1,0,0,0,1,2203,224c2092-44e1-4b73-879c-d0ad0c4b4c87
349221694,0,1,1,0,1,1,1,1,1,1,1,0,1,0,1,0,1,1,0,0,1,0,1,1,0,0,0,1,2203,224c2092-44e1-4b73-879c-d0ad0c4b4c87
350224870,0,1,1,0,1,1,1,1,1,1,1,0,1,0,1,0,1,1,0,0,1,0,1,1,0,0,0,1,2203,224c2092-44e1-4b73-879c-d0ad0c4b4c87
351226519,0,1,1,0,1,1,1,1,1,1,1,0,1,0,1,0,1,1,0,0,1,0,1,1,0,0,0,1,2203,224c2092-44e1-4b73-879c-d0ad0c4b4c87
352232600,0,1,1,0,1,1,1,1,1,1,1,0,1,0,1,0,1,1,0,0,1,0,1,1,0,0,0,1,2203,224c2092-44e1-4b73-879c-d0ad0c4b4c87
353241785,0,1,1,0,1,1,1,1,1,1,1,0,1,0,1,0,1,1,0,0,1,0,1,1,0,0,0,1,2203,224c2092-44e1-4b73-879c-d0ad0c4b4c87
354251271,0,1,1,0,1,1,1,1,1,1,1,0,1,0,1,0,1,1,0,0,1,0,1,1,0,0,0,1,2203,224c2092-44e1-4b73-879c-d0ad0c4b4c87
355252573,0,1,1,0,1,1,1,1,1,1,1,0,1,0,1,0,1,1,0,0,1,0,1,1,0,0,0,1,2203,224c2092-44e1-4b73-879c-d0ad0c4b4c87
356262595,0,1,1,0,1,1,1,1,1,1,1,0,1,0,1,0,1,1,0,0,1,0,1,1,0,0,0,1,2203,224c2092-44e1-4b73-879c-d0ad0c4b4c87
357271032,0,1,1,0,1,1,1,1,1,1,1,0,1,0,1,0,1,1,0,0,1,0,1,1,0,0,0,1,2203,224c2092-44e1-4b73-879c-d0ad0c4b4c87
358278559,0,1,1,0,1,1,1,1,1,1,1,0,1,0,1,0,1,1,0,0,1,0,1,1,0,0,0,1,2203,224c2092-44e1-4b73-879c-d0ad0c4b4c87
359282822,0,1,1,0,1,1,1,1,1,1,1,0,1,0,1,0,1,1,0,0,1,0,1,1,0,0,0,1,2203,224c2092-44e1-4b73-879c-d0ad0c4b4c87
360289151,0,1,1,0,1,1,1,1,1,1,1,0,1,0,1,0,1,1,0,0,1,0,1,1,0,0,0,1,2203,224c2092-44e1-4b73-879c-d0ad0c4b4c87
361298651,0,1,1,0,1,1,1,1,1,1,1,0,1,0,1,0,1,1,0,0,1,0,1,1,0,0,0,1,2203,224c2092-44e1-4b73-879c-d0ad0c4b4c87
362300103,0,1,1,0,1,1,1,1,1,1,1,0,1,0,1,0,1,1,0,0,1,0,1,1,0,0,0,1,2203,224c2092-44e1-4b73-879c-d0ad0c4b4c87
363309529,0,1,1,0,1,1,1,1,1,1,1,0,1,0,1,0,1,1,0,0,1,0,1,1,0,0,0,1,2203,224c2092-44e1-4b73-879c-d0ad0c4b4c87
364319064,0,1,1,0,1,1,1,1,1,1,1,0,1,0,1,0,1,1,0,0,1,0,1,1,0,0,0,1,2203,224c2092-44e1-4b73-879c-d0ad0c4b4c87
365324883,0,1,1,0,1,1,1,1,1,1,1,0,1,0,1,0,1,1,0,0,1,0,1,1,0,0,0,1,2203,224c2092-44e1-4b73-879c-d0ad0c4b4c87
366329536,0,1,1,0,1,1,1,1,1,1,1,0,1,0,1,0,1,1,0,0,1,0,1,1,0,0,0,1,2203,224c2092-44e1-4b73-879c-d0ad0c4b4c87
367329806,0,1,1,0,1,1,1,1,1,1,1,0,1,0,1,0,1,1,0,0,1,0,1,1,0,0,0,1,2203,224c2092-44e1-4b73-879c-d0ad0c4b4c87
368338666,0,1,1,0,1,1,1,1,1,1,1,0,1,0,1,0,1,1,0,0,1,0,1,1,0,0,0,1,2203,224c2092-44e1-4b73-879c-d0ad0c4b4c87
369349570,0,1,1,0,1,1,1,1,1,1,1,0,1,0,1,0,1,1,0,0,1,0,1,1,0,0,0,1,2203,224c2092-44e1-4b73-879c-d0ad0c4b4c87
370360053,0,1,1,0,1,1,1,1,1,1,1,0,1,0,1,0,1,1,0,0,1,0,1,1,0,0,0,1,2203,224c2092-44e1-4b73-879c-d0ad0c4b4c87
371364723,0,1,1,0,1,1,1,1,1,1,1,0,1,0,1,0,1,1,0,0,1,0,1,1,0,0,0,1,2203,224c2092-44e1-4b73-879c-d0ad0c4b4c87
372374678,0,1,1,0,1,1,1,1,1,1,1,0,1,0,1,0,1,1,0,0,1,0,1,1,0,0,0,1,2203,224c2092-44e1-4b73-879c-d0ad0c4b4c87
373379306,0,1,1,0,1,1,1,1,1,1,1,0,1,0,1,0,1,1,0,0,1,0,1,1,0,0,0,1,2203,224c2092-44e1-4b73-879c-d0ad0c4b4c87
374387324,0,1,1,0,1,1,1,1,1,1,1,0,1,0,1,0,1,1,0,0,1,0,1,1,0,0,0,1,2203,224c2092-44e1-4b73-879c-d0ad0c4b4c87
375394646,0,1,1,0,1,1,1,1,1,1,1,0,1,0,1,0,1,1,0,0,1,0,1,1,0,0,0,1,2203,224c2092-44e1-4b73-879c-d0ad0c4b4c87
376398160,0,1,1,0,1,1,1,1,1,1,1,0,1,0,1,0,1,1,0,0,1,0,1,1,0,0,0,1,2203,224c2092-44e1-4b73-879c-d0ad0c4b4c87
377403349,0,1,1,0,1,1,1,1,1,1,1,0,1,0,1,0,1,1,0,0,1,0,1,1,0,0,0,1,2203,224c2092-44e1-4b73-879c-d0ad0c4b4c87
378412235,0,1,1,0,1,1,1,1,1,1,1,0,1,0,1,0,1,1,0,0,1,0,1,1,0,0,0,1,2203,224c2092-44e1-4b73-879c-d0ad0c4b4c87
379419211,0,1,1,0,1,1,1,1,1,1,1,0,1,0,1,0,1,1,0,0,1,0,1,1,0,0,0,1,2203,224c2092-44e1-4b73-879c-d0ad0c4b4c87
380420955,0,1,1,0,1,1,1,1,1,1,1,0,1,0,1,0,1,1,0,0,1,0,1,1,0,0,0,1,2203,224c2092-44e1-4b73-879c-d0ad0c4b4c87
381428724,0,1,1,0,1,1,1,1,1,1,1,0,1,0,1,0,1,1,0,0,1,0,1,1,0,0,0,1,2203,224c2092-44e1-4b73-879c-d0ad0c4b4c87
382438241,0,1,1,0,1,1,1,1,1,1,1,0,1,0,1,0,1,1,0,0,1,0,1,1,0,0,0,1,2203,224c2092-44e1-4b73-879c-d0ad0c4b4c87
383439756,0,1,1,0,1,1,1,1,1,1,1,0,1,0,1,0,1,1,0,0,1,0,1,1,0,0,0,1,2203,224c2092-44e1-4b73-879c-d0ad0c4b4c87
384444952,0,1,1,0,1,1,1,1,1,1,1,0,1,0,1,0,1,1,0,0,1,0,1,1,0,0,0,1,2203,224c2092-44e1-4b73-879c-d0ad0c4b4c87
385450498,0,1,1,0,1,1,1,1,1,1,1,0,1,0,1,0,1,1,0,0,1,0,1,1,0,0,0,1,2203,224c2092-44e1-4b73-879c-d0ad0c4b4c87
386458147,0,1,1,0,1,1,1,1,1,1,1,0,1,0,1,0,1,1,0,0,1,0,1,1,0,0,0,1,2203,224c2092-44e1-4b73-879c-d0ad0c4b4c87
387459367,0,1,1,0,1,1,1,1,1,1,1,0,1,0,1,0,1,1,0,0,1,0,1,1,0,0,0,1,2203,224c2092-44e1-4b73-879c-d0ad0c4b4c87
388466185,0,1,1,0,1,1,1,1,1,1,1,0,1,0,1,0,1,1,0,0,1,0,1,1,0,0,0,1,2203,224c2092-44e1-4b73-879c-d0ad0c4b4c87
389471134,0,1,1,0,1,1,1,1,1,1,1,0,1,0,1,0,1,1,0,0,1,0,1,1,0,0,0,1,2203,224c2092-44e1-4b73-879c-d0ad0c4b4c87
390477538,0,1,1,0,1,1,1,1,1,1,1,0,1,0,1,0,1,1,0,0,1,0,1,1,0,0,0,1,2203,224c2092-44e1-4b73-879c-d0ad0c4b4c87
391487420,0,1,1,0,1,1,1,1,1,1,1,0,1,0,1,0,1,1,0,0,1,0,1,1,0,0,0,1,2203,224c2092-44e1-4b73-879c-d0ad0c4b4c87
392496101,0,1,1,0,1,1,1,1,1,1,1,0,1,0,1,0,1,1,0,0,1,0,1,1,0,0,0,1,2203,224c2092-44e1-4b73-879c-d0ad0c4b4c87
393498201,0,1,1,0,1,1,1,1,1,1,1,0,1,0,1,0,1,1,0,0,1,0,1,1,0,0,0,1,2203,224c2092-44e1-4b73-879c-d0ad0c4b4c87
394499264,0,1,1,0,1,1,1,1,1,1,1,0,1,0,1,0,1,1,0,0,1,0,1,1,0,0,0,1,2203,224c2092-44e1-4b73-879c-d0ad0c4b4c87
395500251,0,1,1,0,1,1,1,1,1,1,1,0,1,0,1,0,1,1,0,0,1,0,1,1,0,0,0,1,2203,224c2092-44e1-4b73-879c-d0ad0c4b4c87
396349926,0,1,1,0,1,1,1,1,1,1,1,0,1,0,1,0,1,1,0,0,1,0,1,1,0,0,0,1,2203,224c2092-44e1-4b73-879c-d0ad0c4b4c87
397358555,0,1,1,0,1,1,1,1,1,1,1,0,1,0,1,0,1,1,0,0,1,0,1,1,0,0,0,1,2203,224c2092-44e1-4b73-879c-d0ad0c4b4c87
398364280,0,1,1,0,1,1,1,1,1,1,1,0,1,0,1,0,1,1,0,0,1,0,1,1,0,0,0,1,2203,224c2092-44e1-4b73-879c-d0ad0c4b4c87
399372213,0,1,1,0,1,1,1,1,1,1,1,0,1,0,1,0,1,1,0,0,1,0,1,1,0,0,0,1,2203,224c2092-44e1-4b73-879c-d0ad0c4b4c87
400377760,0,1,1,0,1,1,1,1,1,1,1,0,1,0,1,0,1,1,0,0,1,0,1,1,0,0,0,1,2203,224c2092-44e1-4b73-879c-d0ad0c4b4c87
401379393,0,1,1,0,1,1,1,1,1,1,1,0,1,0,1,0,1,1,0,0,1,0,1,1,0,0,0,1,2203,224c2092-44e1-4b73-879c-d0ad0c4b4c87
402389695,0,1,1,0,1,1,1,1,1,1,1,0,1,0,1,0,1,1,0,0,1,0,1,1,0,0,0,1,2203,224c2092-44e1-4b73-879c-d0ad0c4b4c87
403394722,0,1,1,0,1,1,1,1,1,1,1,0,1,0,1,0,1,1,0,0,1,0,1,1,0,0,0,1,2203,224c2092-44e1-4b73-879c-d0ad0c4b4c87
404398440,0,1,1,0,1,1,1,1,1,1,1,0,1,0,1,0,1,1,0,0,1,0,1,1,0,0,0,1,2203,224c2092-44e1-4b73-879c-d0ad0c4b4c87
405409058,0,1,1,0,1,1,1,1,1,1,1,0,1,0,1,0,1,1,0,0,1,0,1,1,0,0,0,1,2203,224c2092-44e1-4b73-879c-d0ad0c4b4c87
406419023,0,1,1,0,1,1,1,1,1,1,1,0,1,0,1,0,1,1,0,0,1,0,1,1,0,0,0,1,2203,224c2092-44e1-4b73-879c-d0ad0c4b4c87
407427864,0,1,1,0,1,1,1,1,1,1,1,0,1,0,1,0,1,1,0,0,1,0,1,1,0,0,0,1,2203,224c2092-44e1-4b73-879c-d0ad0c4b4c87
408433046,0,1,1,0,1,1,1,1,1,1,1,0,1,0,1,0,1,1,0,0,1,0,1,1,0,0,0,1,2203,224c2092-44e1-4b73-879c-d0ad0c4b4c87
409434791,0,1,1,0,1,1,1,1,1,1,1,0,1,0,1,0,1,1,0,0,1,0,1,1,0,0,0,1,2203,224c2092-44e1-4b73-879c-d0ad0c4b4c87
410441182,0,1,1,0,1,1,1,1,1,1,1,0,1,0,1,0,1,1,0,0,1,0,1,1,0,0,0,1,2203,224c2092-44e1-4b73-879c-d0ad0c4b4c87
411450629,0,1,1,0,1,1,1,1,1,1,1,0,1,0,1,0,1,1,0,0,1,0,1,1,0,0,0,1,2203,224c2092-44e1-4b73-879c-d0ad0c4b4c87
412455780,0,1,1,0,1,1,1,1,1,1,1,0,1,0,1,0,1,1,0,0,1,0,1,1,0,0,0,1,2203,224c2092-44e1-4b73-879c-d0ad0c4b4c87
413465747,0,1,1,0,1,1,1,1,1,1,1,0,1,0,1,0,1,1,0,0,1,0,1,1,0,0,0,1,2203,224c2092-44e1-4b73-879c-d0ad0c4b4c87
414474947,0,1,1,0,1,1,1,1,1,1,1,0,1,0,1,0,1,1,0,0,1,0,1,1,0,0,0,1,2203,224c2092-44e1-4b73-879c-d0ad0c4b4c87
415484101,0,1,1,0,1,1,1,1,1,1,1,0,1,0,1,0,1,1,0,0,1,0,1,1,0,0,0,1,2203,224c2092-44e1-4b73-879c-d0ad0c4b4c87
416485040,0,1,1,0,1,1,1,1,1,1,1,0,1,0,1,0,1,1,0,0,1,0,1,1,0,0,0,1,2203,224c2092-44e1-4b73-879c-d0ad0c4b4c87
417492064,0,1,1,0,1,1,1,1,1,1,1,0,1,0,1,0,1,1,0,0,1,0,1,1,0,0,0,1,2203,224c2092-44e1-4b73-879c-d0ad0c4b4c87
418492918,0,1,1,0,1,1,1,1,1,1,1,0,1,0,1,0,1,1,0,0,1,0,1,1,0,0,0,1,2203,224c2092-44e1-4b73-879c-d0ad0c4b4c87
419493597,0,1,1,0,1,1,1,1,1,1,1,0,1,0,1,0,1,1,0,0,1,0,1,1,0,0,0,1,2203,224c2092-44e1-4b73-879c-d0ad0c4b4c87
420503257,0,1,1,0,1,1,1,1,1,1,1,0,1,0,1,0,1,1,0,0,1,0,1,1,0,0,0,1,2203,224c2092-44e1-4b73-879c-d0ad0c4b4c87
421512720,0,1,1,0,1,1,1,1,1,1,1,0,1,0,1,0,1,1,0,0,1,0,1,1,0,0,0,1,2203,224c2092-44e1-4b73-879c-d0ad0c4b4c87
422514520,0,1,1,0,1,1,1,1,1,1,1,0,1,0,1,0,1,1,0,0,1,0,1,1,0,0,0,1,2203,224c2092-44e1-4b73-879c-d0ad0c4b4c87
423517928,0,1,1,0,1,1,1,1,1,1,1,0,1,0,1,0,1,1,0,0,1,0,1,1,0,0,0,1,2203,224c2092-44e1-4b73-879c-d0ad0c4b4c87
424519895,0,1,1,0,1,1,1,1,1,1,1,0,1,0,1,0,1,1,0,0,1,0,1,1,0,0,0,1,2203,224c2092-44e1-4b73-879c-d0ad0c4b4c87
425524898,0,1,1,0,1,1,1,1,1,1,1,0,1,0,1,0,1,1,0,0,1,0,1,1,0,0,0,1,2203,224c2092-44e1-4b73-879c-d0ad0c4b4c87
426526664,0,1,1,0,1,1,1,1,1,1,1,0,1,0,1,0,1,1,0,0,1,0,1,1,0,0,0,1,2203,224c2092-44e1-4b73-879c-d0ad0c4b4c87
427537493,0,1,1,0,1,1,1,1,1,1,1,0,1,0,1,0,1,1,0,0,1,0,1,1,0,0,0,1,2203,224c2092-44e1-4b73-879c-d0ad0c4b4c87
428541650,0,1,1,0,1,1,1,1,1,1,1,0,1,0,1,0,1,1,0,0,1,0,1,1,0,0,0,1,2203,224c2092-44e1-4b73-879c-d0ad0c4b4c87
429549457,0,1,1,0,1,1,1,1,1,1,1,0,1,0,1,0,1,1,0,0,1,0,1,1,0,0,0,1,2203,224c2092-44e1-4b73-879c-d0ad0c4b4c87
430557078,0,1,1,0,1,1,1,1,1,1,1,0,1,0,1,0,1,1,0,0,1,0,1,1,0,0,0,1,2203,224c2092-44e1-4b73-879c-d0ad0c4b4c87
431564060,0,1,1,0,1,1,1,1,1,1,1,0,1,0,1,0,1,1,0,0,1,0,1,1,0,0,0,1,2203,224c2092-44e1-4b73-879c-d0ad0c4b4c87
432564096,0,1,1,0,1,1,1,1,1,1,1,0,1,0,1,0,1,1,0,0,1,0,1,1,0,0,0,1,2203,224c2092-44e1-4b73-879c-d0ad0c4b4c87
433565811,0,1,1,0,1,1,1,1,1,1,1,0,1,0,1,0,1,1,0,0,1,0,1,1,0,0,0,1,2203,224c2092-44e1-4b73-879c-d0ad0c4b4c87
434574960,0,1,1,0,1,1,1,1,1,1,1,0,1,0,1,0,1,1,0,0,1,0,1,1,0,0,0,1,2203,224c2092-44e1-4b73-879c-d0ad0c4b4c87
434587015,0,1,1,0,1,1,1,1,1,1,1,0,1,0,1,0,1,1,0,0,1,0,1,1,0,0,0,1,2203,224c2092-44e1-4b73-879c-d0ad0c4b4c87
